timestamp,record_id,product_type,region,usage_frequency,transaction_amount,account_age_days,support_tickets,signal_score,next_month_value
2025-04-01 00:00:00,REC-243-00000,M,Seoul,10.43,30165.0,850.0,2,0.713,26410.0
2025-04-01 01:00:00,REC-243-00001,H,Busan,12.03,15978.0,730.0,0,-0.148,24361.0
2025-04-01 02:00:00,REC-243-00002,H,Seoul,9.74,45354.0,770.0,2,0.718,29276.0
2025-04-01 03:00:00,REC-243-00003,H,Daejeon,14.98,15487.0,426.0,1,0.482,24345.0
2025-04-01 04:00:00,REC-243-00004,L,Seoul,15.18,44607.0,512.0,1,0.115,43058.0
2025-04-01 05:00:00,REC-243-00005,L,Seoul,18.01,21265.0,1004.0,2,-1.331,28113.0
2025-04-01 06:00:00,REC-243-00006,L,Seoul,5.47,10329.0,1198.0,1,0.149,7606.0
2025-04-01 07:00:00,REC-243-00007,M,Busan,15.1,26738.0,804.0,0,-0.764,24854.0
2025-04-01 08:00:00,REC-243-00008,M,Seoul,16.7,26031.0,399.0,1,-0.257,37686.0
2025-04-01 09:00:00,REC-243-00009,M,Seoul,11.76,26304.0,749.0,2,0.193,24120.0
2025-04-01 10:00:00,REC-243-00010,L,Seoul,5.86,35372.0,191.0,1,0.373,29995.0
2025-04-01 11:00:00,REC-243-00011,H,Busan,13.26,32881.0,462.0,1,-0.364,23604.0
2025-04-01 12:00:00,REC-243-00012,M,Seoul,10.69,19343.0,921.0,2,-0.745,13748.0
2025-04-01 13:00:00,REC-243-00013,H,Busan,15.7,25365.0,715.0,1,1.621,17946.0
2025-04-01 14:00:00,REC-243-00014,M,Daejeon,12.08,40598.0,171.0,1,0.234,40788.0
2025-04-01 15:00:00,REC-243-00015,L,Seoul,11.56,17342.0,229.0,0,0.439,22234.0
2025-04-01 16:00:00,REC-243-00016,M,Busan,9.79,15934.0,720.0,1,0.347,12747.0
2025-04-01 17:00:00,REC-243-00017,M,Daejeon,16.97,27383.0,1270.0,0,2.085,33545.0
2025-04-01 18:00:00,REC-243-00018,M,Daejeon,7.59,46353.0,603.0,0,1.211,34160.0
2025-04-01 19:00:00,REC-243-00019,L,Seoul,9.3,21681.0,436.0,2,0.194,29949.0
2025-04-01 20:00:00,REC-243-00020,L,Busan,11.58,24727.0,681.0,2,-0.12,18567.0
2025-04-01 21:00:00,REC-243-00021,L,Busan,18.94,13011.0,290.0,3,0.519,35317.0
2025-04-01 22:00:00,REC-243-00022,L,Busan,11.11,46324.0,177.0,2,-0.875,38287.0
2025-04-01 23:00:00,REC-243-00023,L,Seoul,17.1,76136.0,462.0,0,0.517,51858.0
2025-04-02 00:00:00,REC-243-00024,L,Seoul,14.17,39715.0,377.0,1,1.138,35672.0
2025-04-02 01:00:00,REC-243-00025,L,Seoul,12.8,24486.0,140.0,0,0.861,24836.0
2025-04-02 02:00:00,REC-243-00026,L,Seoul,5.39,34042.0,643.0,1,-0.08,18136.0
2025-04-02 03:00:00,REC-243-00027,L,Busan,11.84,46841.0,735.0,4,-0.226,33606.0
2025-04-02 04:00:00,REC-243-00028,H,Seoul,12.74,34243.0,539.0,2,-0.708,31727.0
2025-04-02 05:00:00,REC-243-00029,L,Seoul,14.39,40873.0,516.0,1,1.699,46270.0
2025-04-02 06:00:00,REC-243-00030,H,Seoul,13.05,15630.0,271.0,0,1.954,19091.0
2025-04-02 07:00:00,REC-243-00031,M,Busan,11.14,21549.0,313.0,0,0.275,27411.0
2025-04-02 08:00:00,REC-243-00032,H,Seoul,17.59,24316.0,2031.0,2,1.064,13266.0
2025-04-02 09:00:00,REC-243-00033,M,Seoul,11.61,20619.0,317.0,2,0.521,32677.0
2025-04-02 10:00:00,REC-243-00034,M,Busan,19.31,27124.0,228.0,1,-0.214,38471.0
2025-04-02 11:00:00,REC-243-00035,H,Seoul,6.82,20956.0,268.0,1,-0.098,31899.0
2025-04-02 12:00:00,REC-243-00036,H,Busan,14.38,31398.0,678.0,1,-0.403,27807.0
2025-04-02 13:00:00,REC-243-00037,L,Seoul,15.45,33174.0,683.0,1,-1.014,44469.0
2025-04-02 14:00:00,REC-243-00038,L,Busan,12.25,20451.0,572.0,0,0.517,24326.0
2025-04-02 15:00:00,REC-243-00039,L,Seoul,13.48,15844.0,222.0,2,0.16,24854.0
2025-04-02 16:00:00,REC-243-00040,L,Busan,15.37,15296.0,625.0,2,0.149,30063.0
2025-04-02 17:00:00,REC-243-00041,H,Seoul,12.45,23774.0,522.0,1,1.414,24648.0
2025-04-02 18:00:00,REC-243-00042,L,Seoul,4.38,40175.0,844.0,1,-0.607,30470.0
2025-04-02 19:00:00,REC-243-00043,L,Busan,16.35,15071.0,983.0,0,-0.884,19376.0
2025-04-02 20:00:00,REC-243-00044,M,Seoul,16.1,28088.0,499.0,4,-0.168,38667.0
2025-04-02 21:00:00,REC-243-00045,H,Busan,18.42,16166.0,306.0,1,-1.116,48400.0
2025-04-02 22:00:00,REC-243-00046,H,Seoul,11.66,14219.0,476.0,1,0.44,20952.0
2025-04-02 23:00:00,REC-243-00047,M,Seoul,13.1,94308.0,694.0,3,0.398,55575.0
2025-04-03 00:00:00,REC-243-00048,H,Busan,12.56,31740.0,1484.0,2,-0.083,26482.0
2025-04-03 01:00:00,REC-243-00049,M,Daejeon,18.97,32448.0,1047.0,1,0.071,32260.0
2025-04-03 02:00:00,REC-243-00050,M,Daejeon,11.46,25242.0,213.0,0,1.302,26115.0
2025-04-03 03:00:00,REC-243-00051,L,Seoul,10.15,35284.0,325.0,1,-0.309,37527.0
2025-04-03 04:00:00,REC-243-00052,M,Busan,12.06,16882.0,916.0,0,0.839,18024.0
2025-04-03 05:00:00,REC-243-00053,M,Seoul,9.32,42945.0,399.0,3,-0.047,33466.0
2025-04-03 06:00:00,REC-243-00054,M,Daejeon,15.37,19173.0,554.0,0,-1.427,35459.0
2025-04-03 07:00:00,REC-243-00055,H,Daejeon,11.86,37256.0,367.0,1,1.917,36693.0
2025-04-03 08:00:00,REC-243-00056,H,Daejeon,12.98,17711.0,273.0,4,0.064,31023.0
2025-04-03 09:00:00,REC-243-00057,L,Seoul,14.55,21001.0,60.0,1,2.201,36266.0
2025-04-03 10:00:00,REC-243-00058,M,Seoul,13.18,15129.0,352.0,3,1.43,24081.0
2025-04-03 11:00:00,REC-243-00059,L,Seoul,15.46,23235.0,650.0,1,0.133,31591.0
2025-04-03 12:00:00,REC-243-00060,L,Daejeon,11.73,39694.0,370.0,0,1.197,35985.0
2025-04-03 13:00:00,REC-243-00061,M,Seoul,12.44,23844.0,921.0,2,-0.449,27861.0
2025-04-03 14:00:00,REC-243-00062,L,Seoul,10.4,14371.0,351.0,1,-0.305,27414.0
2025-04-03 15:00:00,REC-243-00063,H,Daejeon,3.88,44663.0,510.0,1,1.632,24972.0
2025-04-03 16:00:00,REC-243-00064,H,Busan,14.11,17340.0,503.0,0,0.816,20236.0
2025-04-03 17:00:00,REC-243-00065,H,Seoul,10.52,26588.0,224.0,1,2.398,23986.0
2025-04-03 18:00:00,REC-243-00066,L,Seoul,17.11,31003.0,445.0,3,1.183,43248.0
2025-04-03 19:00:00,REC-243-00067,H,Seoul,11.66,15008.0,929.0,1,-2.593,20881.0
2025-04-03 20:00:00,REC-243-00068,M,Seoul,13.41,47242.0,712.0,1,-1.915,48057.0
2025-04-03 21:00:00,REC-243-00069,L,Daejeon,17.28,20643.0,190.0,0,-0.324,41099.0
2025-04-03 22:00:00,REC-243-00070,L,Daejeon,12.4,47069.0,598.0,1,2.283,29834.0
2025-04-03 23:00:00,REC-243-00071,L,Busan,8.64,59214.0,762.0,2,0.739,35800.0
2025-04-04 00:00:00,REC-243-00072,H,Seoul,12.79,50925.0,67.0,3,0.374,52328.0
2025-04-04 01:00:00,REC-243-00073,M,Busan,14.73,19284.0,293.0,2,0.472,23304.0
2025-04-04 02:00:00,REC-243-00074,L,Busan,15.21,19115.0,265.0,0,1.662,24689.0
2025-04-04 03:00:00,REC-243-00075,M,Seoul,11.25,41839.0,747.0,2,-1.075,36392.0
2025-04-04 04:00:00,REC-243-00076,L,Busan,10.56,26934.0,440.0,1,-0.082,18742.0
2025-04-04 05:00:00,REC-243-00077,H,Seoul,9.4,26122.0,313.0,1,1.456,33824.0
2025-04-04 06:00:00,REC-243-00078,L,Busan,11.03,36069.0,616.0,0,0.051,21852.0
2025-04-04 07:00:00,REC-243-00079,H,Busan,15.33,20114.0,608.0,1,0.182,34858.0
2025-04-04 08:00:00,REC-243-00080,L,Seoul,7.16,27582.0,205.0,3,2.174,29167.0
2025-04-04 09:00:00,REC-243-00081,H,Busan,13.88,24921.0,510.0,1,1.508,26179.0
2025-04-04 10:00:00,REC-243-00082,M,Busan,8.99,16801.0,2053.0,1,0.433,18934.0
2025-04-04 11:00:00,REC-243-00083,M,Daejeon,15.62,28801.0,223.0,0,0.375,30228.0
2025-04-04 12:00:00,REC-243-00084,H,Seoul,8.71,37614.0,277.0,1,1.041,36168.0
2025-04-04 13:00:00,REC-243-00085,L,Seoul,15.77,15233.0,464.0,1,1.723,22965.0
2025-04-04 14:00:00,REC-243-00086,M,Seoul,7.72,35109.0,519.0,1,2.137,21283.0
2025-04-04 15:00:00,REC-243-00087,L,Busan,13.76,12004.0,111.0,0,0.419,30639.0
2025-04-04 16:00:00,REC-243-00088,H,Seoul,19.77,16061.0,710.0,0,0.905,22557.0
2025-04-04 17:00:00,REC-243-00089,L,Busan,16.11,25783.0,1236.0,1,1.794,28635.0
2025-04-04 18:00:00,REC-243-00090,M,Seoul,8.11,27325.0,804.0,2,-0.624,25003.0
2025-04-04 19:00:00,REC-243-00091,L,Daejeon,11.49,31384.0,1471.0,1,-1.35,22108.0
2025-04-04 20:00:00,REC-243-00092,M,Busan,5.16,25575.0,754.0,1,1.856,18822.0
2025-04-04 21:00:00,REC-243-00093,L,Daejeon,14.28,35191.0,225.0,2,1.05,40228.0
2025-04-04 22:00:00,REC-243-00094,L,Seoul,13.25,7985.0,960.0,2,1.396,13091.0
2025-04-04 23:00:00,REC-243-00095,H,Seoul,16.12,36755.0,338.0,1,3.127,26514.0
2025-04-05 00:00:00,REC-243-00096,L,Seoul,11.05,13067.0,385.0,2,0.665,24431.0
2025-04-05 01:00:00,REC-243-00097,M,Busan,9.16,23156.0,253.0,0,0.705,21896.0
2025-04-05 02:00:00,REC-243-00098,H,Busan,15.79,22138.0,778.0,1,0.48,26832.0
2025-04-05 03:00:00,REC-243-00099,M,Seoul,11.49,33242.0,422.0,2,-1.637,47103.0
2025-04-05 04:00:00,REC-243-00100,L,Seoul,14.93,21640.0,538.0,1,1.86,27239.0
2025-04-05 05:00:00,REC-243-00101,L,Busan,12.82,23476.0,141.0,2,1.065,27980.0
2025-04-05 06:00:00,REC-243-00102,L,Seoul,12.98,27545.0,884.0,2,-0.516,25345.0
2025-04-05 07:00:00,REC-243-00103,L,Busan,14.76,68390.0,505.0,3,0.878,49354.0
2025-04-05 08:00:00,REC-243-00104,M,Busan,8.86,26005.0,286.0,1,0.765,27718.0
2025-04-05 09:00:00,REC-243-00105,L,Busan,9.31,40352.0,1401.0,1,0.476,19823.0
2025-04-05 10:00:00,REC-243-00106,L,Seoul,9.62,36741.0,367.0,0,0.883,41473.0
2025-04-05 11:00:00,REC-243-00107,M,Busan,16.18,69250.0,481.0,0,0.47,46459.0
2025-04-05 12:00:00,REC-243-00108,L,Daejeon,14.67,23810.0,352.0,3,-0.755,33784.0
2025-04-05 13:00:00,REC-243-00109,L,Busan,13.72,10177.0,394.0,4,2.252,11487.0
2025-04-05 14:00:00,REC-243-00110,L,Seoul,16.81,10826.0,202.0,1,1.067,31697.0
2025-04-05 15:00:00,REC-243-00111,H,Busan,14.25,24088.0,540.0,0,0.511,22118.0
2025-04-05 16:00:00,REC-243-00112,L,Daejeon,11.02,25972.0,690.0,1,2.183,26042.0
2025-04-05 17:00:00,REC-243-00113,L,Seoul,8.09,75190.0,311.0,2,-0.1,38349.0
2025-04-05 18:00:00,REC-243-00114,L,Seoul,14.22,39977.0,310.0,1,-1.534,39773.0
2025-04-05 19:00:00,REC-243-00115,H,Seoul,13.14,31722.0,728.0,3,-1.384,39464.0
2025-04-05 20:00:00,REC-243-00116,M,Seoul,17.52,28403.0,62.0,2,0.06,34194.0
2025-04-05 21:00:00,REC-243-00117,M,Seoul,14.52,15820.0,553.0,1,1.082,28229.0
2025-04-05 22:00:00,REC-243-00118,L,Busan,12.5,65186.0,518.0,1,-0.45,49455.0
2025-04-05 23:00:00,REC-243-00119,L,Busan,14.78,25284.0,159.0,1,-0.903,37951.0
2025-04-06 00:00:00,REC-243-00120,M,Seoul,8.71,11865.0,211.0,4,0.782,27256.0
2025-04-06 01:00:00,REC-243-00121,L,Busan,9.5,24587.0,379.0,2,0.989,27633.0
2025-04-06 02:00:00,REC-243-00122,L,Seoul,9.3,18728.0,396.0,2,0.075,24476.0
2025-04-06 03:00:00,REC-243-00123,L,Daejeon,14.45,15098.0,527.0,2,0.156,23444.0
2025-04-06 04:00:00,REC-243-00124,L,Busan,11.14,35526.0,536.0,1,0.229,33852.0
2025-04-06 05:00:00,REC-243-00125,L,Daejeon,10.05,23218.0,1127.0,0,0.579,19155.0
2025-04-06 06:00:00,REC-243-00126,L,Busan,4.6,68766.0,130.0,2,0.164,46151.0
2025-04-06 07:00:00,REC-243-00127,L,Busan,23.02,27870.0,670.0,1,-2.22,44921.0
2025-04-06 08:00:00,REC-243-00128,H,Daejeon,14.73,34428.0,1203.0,1,-1.372,26293.0
2025-04-06 09:00:00,REC-243-00129,L,Seoul,13.09,24574.0,186.0,2,0.544,27863.0
2025-04-06 10:00:00,REC-243-00130,L,Daejeon,2.98,52321.0,189.0,2,0.86,22534.0
2025-04-06 11:00:00,REC-243-00131,L,Seoul,6.42,55308.0,690.0,1,1.336,30955.0
2025-04-06 12:00:00,REC-243-00132,L,Daejeon,10.42,13389.0,843.0,0,0.984,20343.0
2025-04-06 13:00:00,REC-243-00133,M,Seoul,7.93,49480.0,971.0,1,1.002,25575.0
2025-04-06 14:00:00,REC-243-00134,M,Seoul,18.04,44614.0,736.0,1,1.332,39436.0
2025-04-06 15:00:00,REC-243-00135,H,Seoul,14.47,27212.0,405.0,0,-0.742,30643.0
2025-04-06 16:00:00,REC-243-00136,L,Seoul,13.6,19548.0,251.0,2,2.693,32726.0
2025-04-06 17:00:00,REC-243-00137,L,Seoul,11.48,16668.0,413.0,0,0.053,27518.0
2025-04-06 18:00:00,REC-243-00138,M,Seoul,9.77,46734.0,765.0,0,-0.043,32834.0
2025-04-06 19:00:00,REC-243-00139,H,Seoul,10.64,48841.0,508.0,0,0.838,38882.0
2025-04-06 20:00:00,REC-243-00140,L,Seoul,15.16,33423.0,476.0,1,-0.452,34988.0
2025-04-06 21:00:00,REC-243-00141,M,Seoul,7.18,33309.0,370.0,1,-0.195,30259.0
2025-04-06 22:00:00,REC-243-00142,L,Seoul,15.26,37898.0,436.0,1,2.199,30725.0
2025-04-06 23:00:00,REC-243-00143,L,Seoul,16.6,36071.0,832.0,0,-1.963,36811.0
2025-04-07 00:00:00,REC-243-00144,M,Seoul,11.13,12115.0,341.0,2,-0.447,27012.0
2025-04-07 01:00:00,REC-243-00145,M,Busan,14.16,34664.0,178.0,1,-0.071,43458.0
2025-04-07 02:00:00,REC-243-00146,L,Daejeon,13.69,16665.0,1332.0,1,0.17,22147.0
2025-04-07 03:00:00,REC-243-00147,L,Busan,9.79,35386.0,400.0,1,1.446,35426.0
2025-04-07 04:00:00,REC-243-00148,L,Busan,8.07,24596.0,485.0,0,0.293,24519.0
2025-04-07 05:00:00,REC-243-00149,L,Busan,14.29,36092.0,800.0,1,-1.058,36021.0
2025-04-07 06:00:00,REC-243-00150,L,Busan,12.73,37459.0,843.0,0,0.037,26986.0
2025-04-07 07:00:00,REC-243-00151,M,Seoul,11.16,46905.0,577.0,1,-0.037,36264.0
2025-04-07 08:00:00,REC-243-00152,L,Busan,11.09,16350.0,418.0,2,0.799,22674.0
2025-04-07 09:00:00,REC-243-00153,L,Seoul,10.13,39632.0,504.0,0,-1.295,30035.0
2025-04-07 10:00:00,REC-243-00154,L,Seoul,10.94,22306.0,556.0,1,1.47,22883.0
2025-04-07 11:00:00,REC-243-00155,M,Seoul,10.85,22620.0,181.0,0,0.574,31941.0
2025-04-07 12:00:00,REC-243-00156,H,Busan,8.27,21177.0,403.0,0,0.383,20470.0
2025-04-07 13:00:00,REC-243-00157,L,Busan,13.13,40145.0,393.0,3,0.615,37580.0
2025-04-07 14:00:00,REC-243-00158,L,Seoul,16.17,59554.0,973.0,3,-0.199,41060.0
2025-04-07 15:00:00,REC-243-00159,M,Busan,10.71,26173.0,495.0,1,-1.08,34292.0
2025-04-07 16:00:00,REC-243-00160,M,Seoul,10.34,34385.0,668.0,0,1.094,28312.0
2025-04-07 17:00:00,REC-243-00161,L,Daejeon,10.62,30509.0,334.0,2,1.167,32469.0
2025-04-07 18:00:00,REC-243-00162,L,Daejeon,10.71,15482.0,303.0,0,0.638,25195.0
2025-04-07 19:00:00,REC-243-00163,H,Busan,10.01,22246.0,940.0,3,0.05,17392.0
2025-04-07 20:00:00,REC-243-00164,M,Busan,13.63,36290.0,778.0,0,-0.127,27332.0
2025-04-07 21:00:00,REC-243-00165,M,Seoul,15.72,72203.0,627.0,3,-1.178,52001.0
2025-04-07 22:00:00,REC-243-00166,L,Busan,11.81,18259.0,326.0,1,0.325,22461.0
2025-04-07 23:00:00,REC-243-00167,M,Seoul,12.78,17410.0,1023.0,1,1.667,12454.0
2025-04-08 00:00:00,REC-243-00168,H,Seoul,12.66,15857.0,1173.0,1,0.609,21191.0
2025-04-08 01:00:00,REC-243-00169,H,Seoul,10.75,16049.0,866.0,1,0.528,16682.0
2025-04-08 02:00:00,REC-243-00170,L,Seoul,17.77,47589.0,254.0,2,-0.771,50001.0
2025-04-08 03:00:00,REC-243-00171,L,Busan,8.47,24856.0,557.0,2,-0.428,24128.0
2025-04-08 04:00:00,REC-243-00172,M,Busan,6.86,23335.0,836.0,1,0.864,24016.0
2025-04-08 05:00:00,REC-243-00173,M,Daejeon,17.46,19347.0,236.0,0,-0.947,38209.0
2025-04-08 06:00:00,REC-243-00174,H,Busan,13.58,16945.0,866.0,0,0.067,18811.0
2025-04-08 07:00:00,REC-243-00175,L,Daejeon,16.28,26021.0,760.0,1,0.5,29368.0
2025-04-08 08:00:00,REC-243-00176,L,Seoul,16.84,35509.0,192.0,2,-0.966,46597.0
2025-04-08 09:00:00,REC-243-00177,M,Daejeon,13.14,19727.0,265.0,3,0.401,42631.0
2025-04-08 10:00:00,REC-243-00178,M,Seoul,11.51,17485.0,779.0,2,1.744,25876.0
2025-04-08 11:00:00,REC-243-00179,L,Busan,8.72,26868.0,356.0,2,0.608,24487.0
2025-04-08 12:00:00,REC-243-00180,M,Seoul,13.62,46220.0,284.0,4,-0.767,49114.0
2025-04-08 13:00:00,REC-243-00181,L,Seoul,14.5,17469.0,771.0,2,-0.289,21056.0
2025-04-08 14:00:00,REC-243-00182,M,Seoul,10.93,23478.0,545.0,1,1.254,25567.0
2025-04-08 15:00:00,REC-243-00183,L,Seoul,14.17,23939.0,386.0,0,0.885,26514.0
2025-04-08 16:00:00,REC-243-00184,L,Daejeon,10.16,48047.0,605.0,0,0.245,30528.0
2025-04-08 17:00:00,REC-243-00185,M,Busan,9.64,32285.0,531.0,0,0.075,28524.0
2025-04-08 18:00:00,REC-243-00186,L,Busan,11.79,33291.0,215.0,1,0.068,32517.0
2025-04-08 19:00:00,REC-243-00187,M,Seoul,15.3,37272.0,114.0,2,1.116,40258.0
2025-04-08 20:00:00,REC-243-00188,M,Busan,14.93,37062.0,886.0,0,1.835,34705.0
2025-04-08 21:00:00,REC-243-00189,L,Seoul,15.32,10074.0,561.0,0,1.085,32933.0
2025-04-08 22:00:00,REC-243-00190,M,Daejeon,7.73,54921.0,200.0,3,0.796,32949.0
2025-04-08 23:00:00,REC-243-00191,L,Busan,16.51,16857.0,275.0,0,0.712,33995.0
2025-04-09 00:00:00,REC-243-00192,L,Busan,12.87,55879.0,1153.0,1,-0.865,39736.0
2025-04-09 01:00:00,REC-243-00193,M,Daejeon,8.76,27872.0,649.0,1,2.323,14888.0
2025-04-09 02:00:00,REC-243-00194,L,Seoul,14.61,30753.0,412.0,3,0.258,37859.0
2025-04-09 03:00:00,REC-243-00195,M,Busan,16.94,37116.0,847.0,2,0.356,36064.0
2025-04-09 04:00:00,REC-243-00196,L,Daejeon,9.25,45557.0,132.0,0,0.278,38254.0
2025-04-09 05:00:00,REC-243-00197,H,Seoul,12.12,18972.0,487.0,1,-1.687,21923.0
2025-04-09 06:00:00,REC-243-00198,L,Busan,15.1,35033.0,554.0,2,1.787,29661.0
2025-04-09 07:00:00,REC-243-00199,M,Seoul,7.13,22945.0,958.0,2,0.857,12819.0
2025-04-09 08:00:00,REC-243-00200,M,Busan,9.25,32230.0,351.0,0,-0.392,29536.0
2025-04-09 09:00:00,REC-243-00201,H,Busan,12.08,12446.0,186.0,0,0.802,16010.0
2025-04-09 10:00:00,REC-243-00202,L,Busan,9.95,20736.0,1106.0,1,1.165,13298.0
2025-04-09 11:00:00,REC-243-00203,H,Seoul,13.69,30654.0,1109.0,1,-0.184,26369.0
2025-04-09 12:00:00,REC-243-00204,L,Seoul,10.78,25753.0,975.0,2,0.735,21558.0
2025-04-09 13:00:00,REC-243-00205,M,Seoul,17.19,34910.0,268.0,1,-0.043,36656.0
2025-04-09 14:00:00,REC-243-00206,L,Daejeon,6.72,22851.0,1145.0,1,0.008,20151.0
2025-04-09 15:00:00,REC-243-00207,L,Daejeon,13.94,22589.0,213.0,1,-0.497,19717.0
2025-04-09 16:00:00,REC-243-00208,M,Seoul,11.97,34690.0,423.0,3,-0.58,27751.0
2025-04-09 17:00:00,REC-243-00209,M,Busan,13.29,25524.0,138.0,0,-0.03,34227.0
2025-04-09 18:00:00,REC-243-00210,L,Daejeon,8.15,52759.0,334.0,4,-1.142,38905.0
2025-04-09 19:00:00,REC-243-00211,L,Busan,15.3,19115.0,647.0,2,2.631,14803.0
2025-04-09 20:00:00,REC-243-00212,L,Daejeon,14.26,26716.0,162.0,0,-1.581,29485.0
2025-04-09 21:00:00,REC-243-00213,H,Seoul,15.7,33238.0,604.0,0,0.223,26130.0
2025-04-09 22:00:00,REC-243-00214,L,Seoul,16.11,28460.0,670.0,2,0.182,24048.0
2025-04-09 23:00:00,REC-243-00215,L,Seoul,11.26,26040.0,620.0,3,0.955,30119.0
2025-04-10 00:00:00,REC-243-00216,M,Busan,8.59,28901.0,212.0,1,0.722,18437.0
2025-04-10 01:00:00,REC-243-00217,M,Daejeon,12.12,20970.0,468.0,2,0.28,32341.0
2025-04-10 02:00:00,REC-243-00218,L,Seoul,8.95,31316.0,729.0,2,0.027,25921.0
2025-04-10 03:00:00,REC-243-00219,M,Busan,13.36,161140.0,632.0,3,0.262,89318.0
2025-04-10 04:00:00,REC-243-00220,M,Busan,16.31,26123.0,210.0,0,0.384,35459.0
2025-04-10 05:00:00,REC-243-00221,H,Busan,6.23,32356.0,403.0,4,0.743,24814.0
2025-04-10 06:00:00,REC-243-00222,H,Daejeon,13.83,25204.0,283.0,3,-1.035,41043.0
2025-04-10 07:00:00,REC-243-00223,M,Daejeon,15.1,39375.0,241.0,1,-0.579,42781.0
2025-04-10 08:00:00,REC-243-00224,M,Seoul,9.06,27879.0,632.0,0,0.444,23133.0
2025-04-10 09:00:00,REC-243-00225,H,Busan,8.37,31612.0,399.0,1,0.092,24056.0
2025-04-10 10:00:00,REC-243-00226,M,Seoul,12.09,18495.0,140.0,1,0.019,22497.0
2025-04-10 11:00:00,REC-243-00227,L,Seoul,9.9,25973.0,791.0,2,0.186,26079.0
2025-04-10 12:00:00,REC-243-00228,H,Daejeon,9.4,44217.0,481.0,3,-0.77,29258.0
2025-04-10 13:00:00,REC-243-00229,H,Seoul,16.42,31645.0,605.0,1,2.302,22126.0
2025-04-10 14:00:00,REC-243-00230,H,Seoul,11.55,28429.0,359.0,1,-0.41,42332.0
2025-04-10 15:00:00,REC-243-00231,M,Seoul,8.83,14980.0,821.0,1,0.168,25088.0
2025-04-10 16:00:00,REC-243-00232,L,Seoul,10.79,25018.0,1402.0,1,-0.405,16197.0
2025-04-10 17:00:00,REC-243-00233,L,Seoul,16.65,22454.0,492.0,0,-1.239,41365.0
2025-04-10 18:00:00,REC-243-00234,L,Seoul,13.97,47780.0,221.0,0,-1.204,48677.0
2025-04-10 19:00:00,REC-243-00235,L,Daejeon,10.24,18935.0,437.0,1,0.123,22578.0
2025-04-10 20:00:00,REC-243-00236,M,Seoul,13.58,48316.0,286.0,0,-0.208,25403.0
2025-04-10 21:00:00,REC-243-00237,M,Busan,11.96,34949.0,344.0,0,-0.008,37042.0
2025-04-10 22:00:00,REC-243-00238,L,Seoul,7.47,27081.0,419.0,2,0.378,17360.0
2025-04-10 23:00:00,REC-243-00239,M,Busan,13.62,18592.0,509.0,1,0.113,30683.0
2025-04-11 00:00:00,REC-243-00240,H,Busan,14.86,16191.0,442.0,0,0.802,26045.0
2025-04-11 01:00:00,REC-243-00241,H,Busan,11.75,23298.0,1328.0,1,-0.724,26048.0
2025-04-11 02:00:00,REC-243-00242,L,Seoul,13.48,33606.0,1532.0,3,-1.155,30964.0
2025-04-11 03:00:00,REC-243-00243,L,Busan,9.16,45074.0,145.0,2,0.097,34705.0
2025-04-11 04:00:00,REC-243-00244,M,Busan,17.86,28331.0,182.0,4,-0.548,42673.0
2025-04-11 05:00:00,REC-243-00245,H,Daejeon,10.78,13288.0,197.0,1,0.221,20431.0
2025-04-11 06:00:00,REC-243-00246,L,Seoul,11.45,55299.0,288.0,3,0.562,38069.0
2025-04-11 07:00:00,REC-243-00247,L,Seoul,12.35,16763.0,1509.0,0,-0.967,13090.0
2025-04-11 08:00:00,REC-243-00248,M,Daejeon,8.54,30505.0,1247.0,1,-1.044,24130.0
2025-04-11 09:00:00,REC-243-00249,L,Daejeon,11.83,23737.0,767.0,3,1.13,22827.0
2025-04-11 10:00:00,REC-243-00250,M,Seoul,16.99,18898.0,661.0,2,0.052,31510.0
2025-04-11 11:00:00,REC-243-00251,H,Seoul,11.45,34674.0,648.0,4,-0.003,31290.0
2025-04-11 12:00:00,REC-243-00252,L,Busan,14.5,25786.0,755.0,4,-1.752,33950.0
2025-04-11 13:00:00,REC-243-00253,L,Seoul,15.13,32057.0,194.0,1,0.101,51070.0
2025-04-11 14:00:00,REC-243-00254,M,Busan,10.99,24143.0,83.0,0,-0.558,31292.0
2025-04-11 15:00:00,REC-243-00255,L,Daejeon,12.45,37700.0,610.0,0,-1.158,41252.0
2025-04-11 16:00:00,REC-243-00256,M,Busan,7.49,24866.0,693.0,0,-1.819,38875.0
2025-04-11 17:00:00,REC-243-00257,L,Seoul,12.67,16694.0,333.0,3,1.046,37026.0
2025-04-11 18:00:00,REC-243-00258,L,Busan,6.71,20195.0,383.0,1,1.375,25105.0
2025-04-11 19:00:00,REC-243-00259,M,Seoul,13.67,35481.0,453.0,2,0.424,41379.0
2025-04-11 20:00:00,REC-243-00260,H,Seoul,15.42,20529.0,261.0,1,0.107,36945.0
2025-04-11 21:00:00,REC-243-00261,L,Busan,11.6,25618.0,339.0,0,-0.78,33743.0
2025-04-11 22:00:00,REC-243-00262,L,Seoul,14.43,24726.0,407.0,2,1.062,32816.0
2025-04-11 23:00:00,REC-243-00263,M,Busan,11.1,22363.0,311.0,2,0.235,24023.0
2025-04-12 00:00:00,REC-243-00264,L,Seoul,11.18,39019.0,601.0,5,-0.817,26413.0
2025-04-12 01:00:00,REC-243-00265,L,Busan,15.73,52029.0,516.0,2,-0.842,48344.0
2025-04-12 02:00:00,REC-243-00266,L,Seoul,8.87,37101.0,896.0,3,1.04,22743.0
2025-04-12 03:00:00,REC-243-00267,H,Seoul,15.88,21412.0,618.0,3,0.988,35110.0
2025-04-12 04:00:00,REC-243-00268,M,Busan,11.37,76000.0,1122.0,4,1.825,49851.0
2025-04-12 05:00:00,REC-243-00269,M,Daejeon,9.07,27266.0,758.0,0,1.417,23139.0
2025-04-12 06:00:00,REC-243-00270,L,Seoul,12.87,19732.0,580.0,0,0.282,32852.0
2025-04-12 07:00:00,REC-243-00271,L,Seoul,9.04,17228.0,564.0,2,0.946,19435.0
2025-04-12 08:00:00,REC-243-00272,M,Busan,9.22,31780.0,280.0,2,-1.265,31703.0
2025-04-12 09:00:00,REC-243-00273,H,Daejeon,9.81,22639.0,258.0,1,-0.297,29622.0
2025-04-12 10:00:00,REC-243-00274,M,Daejeon,6.79,14431.0,349.0,4,-0.773,19181.0
2025-04-12 11:00:00,REC-243-00275,M,Seoul,18.56,28477.0,258.0,1,0.107,22178.0
2025-04-12 12:00:00,REC-243-00276,H,Seoul,10.87,36859.0,1313.0,3,-0.402,28188.0
2025-04-12 13:00:00,REC-243-00277,M,Seoul,7.99,17104.0,878.0,1,0.379,11878.0
2025-04-12 14:00:00,REC-243-00278,L,Busan,13.53,31521.0,633.0,2,0.192,32131.0
2025-04-12 15:00:00,REC-243-00279,M,Seoul,9.01,17227.0,264.0,5,-1.009,26397.0
2025-04-12 16:00:00,REC-243-00280,L,Seoul,17.23,47412.0,836.0,1,1.037,46502.0
2025-04-12 17:00:00,REC-243-00281,M,Seoul,10.59,23639.0,337.0,0,1.225,22725.0
2025-04-12 18:00:00,REC-243-00282,H,Seoul,11.4,17483.0,367.0,1,-0.525,27039.0
2025-04-12 19:00:00,REC-243-00283,H,Seoul,16.63,80966.0,626.0,2,0.161,50497.0
2025-04-12 20:00:00,REC-243-00284,L,Seoul,6.61,34827.0,730.0,1,0.409,23696.0
2025-04-12 21:00:00,REC-243-00285,L,Daejeon,10.88,37070.0,1004.0,0,0.928,15580.0
2025-04-12 22:00:00,REC-243-00286,L,Seoul,19.18,39048.0,614.0,2,-0.64,47188.0
2025-04-12 23:00:00,REC-243-00287,M,Seoul,6.61,23647.0,72.0,0,1.164,25399.0
2025-04-13 00:00:00,REC-243-00288,M,Seoul,6.71,30013.0,961.0,2,0.744,17883.0
2025-04-13 01:00:00,REC-243-00289,H,Seoul,7.73,45575.0,407.0,0,-1.475,46095.0
2025-04-13 02:00:00,REC-243-00290,L,Seoul,11.63,21556.0,874.0,3,0.607,16654.0
2025-04-13 03:00:00,REC-243-00291,M,Daejeon,11.39,15814.0,1067.0,1,-1.064,14056.0
2025-04-13 04:00:00,REC-243-00292,M,Daejeon,7.41,32881.0,382.0,3,-1.025,34048.0
2025-04-13 05:00:00,REC-243-00293,M,Daejeon,12.91,36867.0,731.0,1,-0.621,25999.0
2025-04-13 06:00:00,REC-243-00294,L,Busan,10.03,33161.0,1851.0,1,-0.441,26345.0
2025-04-13 07:00:00,REC-243-00295,H,Busan,9.5,23941.0,699.0,1,1.155,27151.0
2025-04-13 08:00:00,REC-243-00296,L,Seoul,7.78,33446.0,243.0,3,-0.969,37149.0
2025-04-13 09:00:00,REC-243-00297,L,Seoul,14.78,26634.0,379.0,1,0.458,27119.0
2025-04-13 10:00:00,REC-243-00298,M,Seoul,11.87,18263.0,563.0,0,0.163,22619.0
2025-04-13 11:00:00,REC-243-00299,M,Seoul,9.6,29273.0,570.0,1,0.442,22086.0
2025-04-13 12:00:00,REC-243-00300,L,Seoul,10.94,26937.0,334.0,1,0.873,37962.0
2025-04-13 13:00:00,REC-243-00301,H,Seoul,14.67,45787.0,667.0,1,-0.007,40126.0
2025-04-13 14:00:00,REC-243-00302,L,Seoul,13.39,15683.0,533.0,3,0.644,16295.0
2025-04-13 15:00:00,REC-243-00303,M,Seoul,11.8,20538.0,259.0,3,0.192,32862.0
2025-04-13 16:00:00,REC-243-00304,L,Seoul,9.23,20387.0,432.0,2,1.383,14034.0
2025-04-13 17:00:00,REC-243-00305,L,Seoul,19.17,27545.0,761.0,2,-0.13,33663.0
2025-04-13 18:00:00,REC-243-00306,M,Seoul,9.72,21001.0,593.0,2,-0.001,35418.0
2025-04-13 19:00:00,REC-243-00307,H,Seoul,8.24,38889.0,508.0,1,1.603,25262.0
2025-04-13 20:00:00,REC-243-00308,H,Busan,9.47,37734.0,526.0,3,1.252,27474.0
2025-04-13 21:00:00,REC-243-00309,L,Seoul,11.51,29091.0,744.0,1,1.245,18605.0
2025-04-13 22:00:00,REC-243-00310,H,Seoul,11.45,18125.0,488.0,2,1.055,14160.0
2025-04-13 23:00:00,REC-243-00311,L,Seoul,14.66,21989.0,417.0,2,0.259,32940.0
2025-04-14 00:00:00,REC-243-00312,L,Seoul,9.72,24062.0,597.0,2,-0.138,23216.0
2025-04-14 01:00:00,REC-243-00313,L,Busan,7.55,20279.0,685.0,5,-1.075,19474.0
2025-04-14 02:00:00,REC-243-00314,L,Seoul,9.58,46913.0,468.0,1,0.611,32311.0
2025-04-14 03:00:00,REC-243-00315,L,Busan,9.2,42853.0,760.0,1,0.328,29907.0
2025-04-14 04:00:00,REC-243-00316,M,Seoul,10.71,20824.0,572.0,1,0.041,23904.0
2025-04-14 05:00:00,REC-243-00317,L,Seoul,11.22,47462.0,353.0,0,-1.459,31150.0
2025-04-14 06:00:00,REC-243-00318,M,Seoul,12.92,23546.0,145.0,2,0.465,29166.0
2025-04-14 07:00:00,REC-243-00319,L,Daejeon,13.59,15423.0,283.0,2,2.232,27856.0
2025-04-14 08:00:00,REC-243-00320,L,Seoul,5.64,28700.0,370.0,2,0.466,28724.0
2025-04-14 09:00:00,REC-243-00321,H,Seoul,13.05,26336.0,629.0,1,1.385,32766.0
2025-04-14 10:00:00,REC-243-00322,L,Seoul,5.7,32730.0,903.0,2,0.946,29138.0
2025-04-14 11:00:00,REC-243-00323,M,Seoul,15.02,38544.0,506.0,0,0.58,32826.0
2025-04-14 12:00:00,REC-243-00324,L,Seoul,9.75,37686.0,391.0,1,-0.745,39797.0
2025-04-14 13:00:00,REC-243-00325,H,Seoul,16.47,52497.0,566.0,1,-0.344,47634.0
2025-04-14 14:00:00,REC-243-00326,L,Seoul,16.29,36547.0,366.0,2,0.059,33881.0
2025-04-14 15:00:00,REC-243-00327,M,Busan,14.92,19070.0,162.0,0,0.715,34567.0
2025-04-14 16:00:00,REC-243-00328,H,Busan,9.21,27443.0,542.0,0,-0.613,33636.0
2025-04-14 17:00:00,REC-243-00329,H,Seoul,11.86,33211.0,371.0,5,-0.962,47505.0
2025-04-14 18:00:00,REC-243-00330,L,Seoul,15.72,17640.0,176.0,1,0.878,26308.0
2025-04-14 19:00:00,REC-243-00331,H,Seoul,4.82,65095.0,1270.0,1,-0.605,30378.0
2025-04-14 20:00:00,REC-243-00332,H,Seoul,10.46,14102.0,848.0,0,1.44,22100.0
2025-04-14 21:00:00,REC-243-00333,M,Seoul,14.49,34631.0,401.0,1,0.245,34732.0
2025-04-14 22:00:00,REC-243-00334,L,Busan,10.56,26900.0,131.0,0,0.081,35500.0
2025-04-14 23:00:00,REC-243-00335,M,Busan,13.15,22471.0,401.0,0,-0.173,29278.0
2025-04-15 00:00:00,REC-243-00336,M,Seoul,13.59,49985.0,591.0,1,-0.381,41893.0
2025-04-15 01:00:00,REC-243-00337,L,Busan,13.89,35250.0,603.0,1,0.317,30248.0
2025-04-15 02:00:00,REC-243-00338,L,Daejeon,15.43,31490.0,806.0,2,-0.973,32088.0
2025-04-15 03:00:00,REC-243-00339,M,Seoul,9.77,36294.0,1304.0,1,0.277,26906.0
2025-04-15 04:00:00,REC-243-00340,L,Busan,13.81,27614.0,492.0,0,0.126,27196.0
2025-04-15 05:00:00,REC-243-00341,H,Seoul,12.69,49317.0,1074.0,1,-0.307,33961.0
2025-04-15 06:00:00,REC-243-00342,M,Daejeon,9.87,37420.0,672.0,2,0.287,27151.0
2025-04-15 07:00:00,REC-243-00343,L,Seoul,13.21,22418.0,593.0,0,0.462,29544.0
2025-04-15 08:00:00,REC-243-00344,M,Seoul,11.93,18879.0,380.0,2,0.961,16086.0
2025-04-15 09:00:00,REC-243-00345,M,Daejeon,12.06,35367.0,245.0,2,0.722,37125.0
2025-04-15 10:00:00,REC-243-00346,H,Daejeon,11.24,30903.0,258.0,2,0.062,28626.0
2025-04-15 11:00:00,REC-243-00347,L,Daejeon,8.42,41375.0,620.0,1,0.756,30846.0
2025-04-15 12:00:00,REC-243-00348,M,Daejeon,11.59,32553.0,1665.0,1,-0.663,17823.0
2025-04-15 13:00:00,REC-243-00349,H,Busan,15.41,50214.0,429.0,1,-0.644,39994.0
2025-04-15 14:00:00,REC-243-00350,M,Busan,15.89,42347.0,456.0,1,-1.039,45631.0
2025-04-15 15:00:00,REC-243-00351,M,Busan,9.78,33172.0,389.0,2,1.134,23165.0
2025-04-15 16:00:00,REC-243-00352,L,Seoul,15.62,27050.0,1112.0,1,1.013,22408.0
2025-04-15 17:00:00,REC-243-00353,L,Seoul,15.59,37693.0,764.0,2,0.806,25042.0
2025-04-15 18:00:00,REC-243-00354,M,Daejeon,16.21,41963.0,299.0,1,-0.229,41434.0
2025-04-15 19:00:00,REC-243-00355,L,Busan,11.82,27502.0,310.0,3,0.038,27396.0
2025-04-15 20:00:00,REC-243-00356,H,Seoul,11.79,28867.0,644.0,2,2.912,23047.0
2025-04-15 21:00:00,REC-243-00357,L,Busan,8.4,30014.0,637.0,0,0.816,31507.0
2025-04-15 22:00:00,REC-243-00358,L,Seoul,11.42,18474.0,314.0,1,0.388,30091.0
2025-04-15 23:00:00,REC-243-00359,L,Seoul,12.72,27597.0,152.0,4,1.983,28106.0
2025-04-16 00:00:00,REC-243-00360,L,Seoul,10.8,48864.0,511.0,1,1.266,30574.0
2025-04-16 01:00:00,REC-243-00361,H,Seoul,9.72,23380.0,183.0,1,1.125,27756.0
2025-04-16 02:00:00,REC-243-00362,M,Seoul,13.93,38031.0,712.0,0,-0.723,28858.0
2025-04-16 03:00:00,REC-243-00363,L,Seoul,11.06,31248.0,323.0,1,0.22,31863.0
2025-04-16 04:00:00,REC-243-00364,M,Busan,19.32,29264.0,768.0,2,0.956,31324.0
2025-04-16 05:00:00,REC-243-00365,L,Seoul,10.19,22924.0,203.0,0,0.402,34003.0
2025-04-16 06:00:00,REC-243-00366,M,Busan,9.76,33255.0,410.0,3,1.195,21379.0
2025-04-16 07:00:00,REC-243-00367,L,Seoul,12.56,37024.0,834.0,1,-0.711,31699.0
2025-04-16 08:00:00,REC-243-00368,H,Busan,8.51,15708.0,288.0,1,-1.017,28327.0
2025-04-16 09:00:00,REC-243-00369,L,Daejeon,7.32,53866.0,458.0,1,0.689,36734.0
2025-04-16 10:00:00,REC-243-00370,M,Busan,12.07,15694.0,487.0,2,-0.618,33542.0
2025-04-16 11:00:00,REC-243-00371,L,Busan,13.12,30683.0,471.0,3,-2.558,46241.0
2025-04-16 12:00:00,REC-243-00372,L,Busan,12.58,45573.0,366.0,1,-1.609,47287.0
2025-04-16 13:00:00,REC-243-00373,L,Busan,19.36,18289.0,368.0,2,0.691,30630.0
2025-04-16 14:00:00,REC-243-00374,L,Daejeon,10.25,26379.0,297.0,2,0.693,26615.0
2025-04-16 15:00:00,REC-243-00375,L,Daejeon,12.19,37620.0,218.0,2,0.431,41691.0
2025-04-16 16:00:00,REC-243-00376,M,Daejeon,13.4,38273.0,241.0,1,0.826,35884.0
2025-04-16 17:00:00,REC-243-00377,M,Seoul,12.14,26552.0,236.0,1,-0.26,28774.0
2025-04-16 18:00:00,REC-243-00378,H,Busan,16.93,18826.0,1009.0,3,1.546,13324.0
2025-04-16 19:00:00,REC-243-00379,H,Seoul,10.15,48285.0,879.0,5,1.313,36465.0
2025-04-16 20:00:00,REC-243-00380,M,Seoul,14.94,59097.0,830.0,3,1.671,44513.0
2025-04-16 21:00:00,REC-243-00381,H,Daejeon,12.69,34731.0,623.0,0,0.665,28641.0
2025-04-16 22:00:00,REC-243-00382,L,Daejeon,9.28,19946.0,704.0,2,-0.06,16408.0
2025-04-16 23:00:00,REC-243-00383,H,Seoul,16.55,26280.0,633.0,2,-1.476,37844.0
2025-04-17 00:00:00,REC-243-00384,H,Seoul,12.03,41076.0,859.0,3,2.249,26912.0
2025-04-17 01:00:00,REC-243-00385,L,Seoul,12.05,19445.0,276.0,0,0.617,23762.0
2025-04-17 02:00:00,REC-243-00386,L,Daejeon,9.27,30802.0,437.0,0,0.483,21996.0
2025-04-17 03:00:00,REC-243-00387,H,Busan,4.47,35807.0,799.0,2,-0.074,25007.0
2025-04-17 04:00:00,REC-243-00388,L,Busan,8.05,29979.0,625.0,2,-0.209,28789.0
2025-04-17 05:00:00,REC-243-00389,M,Seoul,15.97,41177.0,408.0,0,0.338,31252.0
2025-04-17 06:00:00,REC-243-00390,L,Seoul,9.91,22037.0,489.0,1,-0.15,21777.0
2025-04-17 07:00:00,REC-243-00391,H,Busan,9.47,29480.0,513.0,1,1.04,22398.0
2025-04-17 08:00:00,REC-243-00392,M,Busan,13.19,22343.0,364.0,3,-1.017,36369.0
2025-04-17 09:00:00,REC-243-00393,M,Seoul,10.67,15596.0,274.0,1,-0.238,26091.0
2025-04-17 10:00:00,REC-243-00394,L,Busan,13.16,12819.0,832.0,3,1.345,19459.0
2025-04-17 11:00:00,REC-243-00395,M,Daejeon,17.08,27563.0,349.0,2,-0.951,43383.0
2025-04-17 12:00:00,REC-243-00396,H,Seoul,10.56,33963.0,212.0,3,0.713,35062.0
2025-04-17 13:00:00,REC-243-00397,H,Seoul,12.92,34641.0,403.0,1,1.316,36665.0
2025-04-17 14:00:00,REC-243-00398,L,Seoul,19.18,42914.0,924.0,1,-1.309,34806.0
2025-04-17 15:00:00,REC-243-00399,M,Daejeon,7.72,17291.0,115.0,1,-0.347,26635.0
2025-04-17 16:00:00,REC-243-00400,L,Seoul,14.67,24987.0,841.0,2,-2.049,28055.0
2025-04-17 17:00:00,REC-243-00401,L,Seoul,10.27,39014.0,369.0,1,0.279,34729.0
2025-04-17 18:00:00,REC-243-00402,L,Seoul,6.06,27964.0,432.0,1,1.444,31875.0
2025-04-17 19:00:00,REC-243-00403,M,Daejeon,16.0,46686.0,764.0,2,-1.426,41844.0
2025-04-17 20:00:00,REC-243-00404,M,Seoul,12.01,37434.0,839.0,1,-0.945,37724.0
2025-04-17 21:00:00,REC-243-00405,L,Seoul,7.66,39091.0,331.0,2,-2.006,40091.0
2025-04-17 22:00:00,REC-243-00406,L,Seoul,13.43,16776.0,568.0,1,1.707,20155.0
2025-04-17 23:00:00,REC-243-00407,H,Seoul,8.92,41544.0,830.0,1,-0.137,36247.0
2025-04-18 00:00:00,REC-243-00408,L,Busan,13.78,26133.0,466.0,2,-0.783,34573.0
2025-04-18 01:00:00,REC-243-00409,L,Busan,12.76,67646.0,1035.0,1,-0.524,46282.0
2025-04-18 02:00:00,REC-243-00410,L,Busan,9.18,29535.0,210.0,4,-1.735,33377.0
2025-04-18 03:00:00,REC-243-00411,L,Daejeon,12.01,50458.0,175.0,2,0.225,51205.0
2025-04-18 04:00:00,REC-243-00412,L,Seoul,11.29,20287.0,282.0,3,0.708,29037.0
2025-04-18 05:00:00,REC-243-00413,L,Seoul,13.9,27480.0,316.0,2,-0.347,36398.0
2025-04-18 06:00:00,REC-243-00414,M,Seoul,9.86,36946.0,875.0,1,-0.784,29734.0
2025-04-18 07:00:00,REC-243-00415,M,Busan,14.43,99259.0,1292.0,1,-2.094,60690.0
2025-04-18 08:00:00,REC-243-00416,H,Seoul,11.04,31885.0,612.0,0,0.326,28223.0
2025-04-18 09:00:00,REC-243-00417,H,Seoul,9.01,29212.0,618.0,0,1.51,19987.0
2025-04-18 10:00:00,REC-243-00418,L,Seoul,16.19,42212.0,227.0,3,0.205,41388.0
2025-04-18 11:00:00,REC-243-00419,H,Seoul,10.66,31990.0,633.0,1,-1.545,34327.0
2025-04-18 12:00:00,REC-243-00420,L,Seoul,9.24,44889.0,867.0,2,-1.471,23710.0
2025-04-18 13:00:00,REC-243-00421,H,Seoul,13.93,18706.0,1558.0,1,2.67,7620.0
2025-04-18 14:00:00,REC-243-00422,L,Seoul,11.43,45526.0,806.0,1,0.844,33284.0
2025-04-18 15:00:00,REC-243-00423,L,Busan,13.47,28605.0,677.0,1,-3.354,34037.0
2025-04-18 16:00:00,REC-243-00424,L,Seoul,15.12,39362.0,515.0,0,0.004,37335.0
2025-04-18 17:00:00,REC-243-00425,L,Seoul,16.41,34316.0,802.0,0,0.46,30164.0
2025-04-18 18:00:00,REC-243-00426,H,Seoul,10.82,43966.0,645.0,1,1.405,29975.0
2025-04-18 19:00:00,REC-243-00427,M,Daejeon,23.45,24049.0,141.0,2,0.77,41164.0
2025-04-18 20:00:00,REC-243-00428,L,Seoul,10.73,24273.0,321.0,2,-0.902,22567.0
2025-04-18 21:00:00,REC-243-00429,L,Daejeon,15.38,33609.0,875.0,0,0.313,28704.0
2025-04-18 22:00:00,REC-243-00430,L,Busan,14.91,17195.0,252.0,1,0.762,28084.0
2025-04-18 23:00:00,REC-243-00431,H,Seoul,12.73,29743.0,205.0,1,0.411,33839.0
2025-04-19 00:00:00,REC-243-00432,M,Seoul,13.36,20600.0,511.0,2,0.503,26900.0
2025-04-19 01:00:00,REC-243-00433,H,Seoul,10.26,19497.0,413.0,2,0.941,18770.0
2025-04-19 02:00:00,REC-243-00434,L,Daejeon,14.03,15080.0,565.0,1,1.858,22039.0
2025-04-19 03:00:00,REC-243-00435,H,Daejeon,10.37,27312.0,165.0,1,0.322,26092.0
2025-04-19 04:00:00,REC-243-00436,M,Busan,15.44,17680.0,137.0,0,0.272,38649.0
2025-04-19 05:00:00,REC-243-00437,H,Daejeon,19.02,21543.0,1269.0,2,1.098,23488.0
2025-04-19 06:00:00,REC-243-00438,H,Seoul,10.1,32996.0,1123.0,0,0.104,22963.0
2025-04-19 07:00:00,REC-243-00439,L,Seoul,8.7,19262.0,88.0,2,1.43,11581.0
2025-04-19 08:00:00,REC-243-00440,L,Busan,12.86,31698.0,232.0,0,0.608,28712.0
2025-04-19 09:00:00,REC-243-00441,L,Seoul,16.53,45340.0,53.0,0,-0.81,51096.0
2025-04-19 10:00:00,REC-243-00442,M,Busan,14.4,26789.0,1144.0,2,-0.346,28117.0
2025-04-19 11:00:00,REC-243-00443,H,Seoul,13.61,24329.0,346.0,2,2.318,17109.0
2025-04-19 12:00:00,REC-243-00444,H,Seoul,10.32,12833.0,463.0,0,0.32,27166.0
2025-04-19 13:00:00,REC-243-00445,L,Seoul,14.54,64256.0,929.0,0,-0.567,36423.0
2025-04-19 14:00:00,REC-243-00446,L,Busan,10.72,27433.0,920.0,4,0.22,27009.0
2025-04-19 15:00:00,REC-243-00447,H,Busan,12.77,26788.0,255.0,0,1.645,20350.0
2025-04-19 16:00:00,REC-243-00448,L,Busan,11.58,44098.0,651.0,0,1.503,25539.0
2025-04-19 17:00:00,REC-243-00449,L,Seoul,12.47,21531.0,1026.0,1,1.161,23683.0
2025-04-19 18:00:00,REC-243-00450,L,Seoul,9.19,32077.0,245.0,1,-0.645,31754.0
2025-04-19 19:00:00,REC-243-00451,H,Seoul,13.64,49481.0,197.0,3,-0.624,50127.0
2025-04-19 20:00:00,REC-243-00452,M,Seoul,16.1,43192.0,1018.0,3,0.188,29377.0
2025-04-19 21:00:00,REC-243-00453,M,Daejeon,9.09,25947.0,1643.0,0,-0.002,18506.0
2025-04-19 22:00:00,REC-243-00454,H,Busan,9.94,36364.0,517.0,1,0.736,32122.0
2025-04-19 23:00:00,REC-243-00455,H,Seoul,6.53,34841.0,214.0,2,0.72,30149.0
2025-04-20 00:00:00,REC-243-00456,L,Busan,13.86,13027.0,289.0,1,0.209,22068.0
2025-04-20 01:00:00,REC-243-00457,L,Seoul,15.76,19230.0,522.0,2,0.072,29762.0
2025-04-20 02:00:00,REC-243-00458,H,Seoul,11.99,33955.0,81.0,1,1.122,29670.0
2025-04-20 03:00:00,REC-243-00459,M,Seoul,12.08,33363.0,354.0,0,1.028,26662.0
2025-04-20 04:00:00,REC-243-00460,L,Seoul,11.02,59296.0,539.0,3,-1.036,46120.0
2025-04-20 05:00:00,REC-243-00461,M,Seoul,15.15,26165.0,240.0,4,1.604,25834.0
2025-04-20 06:00:00,REC-243-00462,L,Busan,10.72,14047.0,583.0,0,2.89,16240.0
2025-04-20 07:00:00,REC-243-00463,L,Daejeon,10.92,28161.0,268.0,1,-0.005,21919.0
2025-04-20 08:00:00,REC-243-00464,M,Seoul,8.63,52607.0,872.0,2,1.942,25303.0
2025-04-20 09:00:00,REC-243-00465,M,Busan,7.61,114465.0,641.0,5,0.158,64455.0
2025-04-20 10:00:00,REC-243-00466,M,Seoul,12.91,40690.0,503.0,4,0.72,40545.0
2025-04-20 11:00:00,REC-243-00467,H,Seoul,8.79,27066.0,262.0,1,-0.564,29101.0
2025-04-20 12:00:00,REC-243-00468,L,Seoul,7.3,17754.0,325.0,4,0.878,21708.0
2025-04-20 13:00:00,REC-243-00469,L,Seoul,12.06,26779.0,748.0,2,-0.056,21587.0
2025-04-20 14:00:00,REC-243-00470,L,Seoul,16.33,42781.0,122.0,1,0.212,48968.0
2025-04-20 15:00:00,REC-243-00471,M,Busan,14.0,30323.0,143.0,0,-0.494,41568.0
2025-04-20 16:00:00,REC-243-00472,L,Seoul,7.38,76582.0,278.0,4,-0.713,59834.0
2025-04-20 17:00:00,REC-243-00473,H,Seoul,8.28,32231.0,780.0,2,-1.209,24596.0
2025-04-20 18:00:00,REC-243-00474,L,Seoul,14.26,67104.0,566.0,1,4.037,37327.0
2025-04-20 19:00:00,REC-243-00475,H,Seoul,16.06,33193.0,424.0,3,1.176,29601.0
2025-04-20 20:00:00,REC-243-00476,L,Seoul,10.97,28273.0,356.0,4,1.39,30341.0
2025-04-20 21:00:00,REC-243-00477,L,Daejeon,12.78,20631.0,539.0,1,0.863,25103.0
2025-04-20 22:00:00,REC-243-00478,H,Seoul,11.63,10974.0,374.0,1,-1.193,19692.0
2025-04-20 23:00:00,REC-243-00479,H,Seoul,15.06,47011.0,604.0,2,-0.41,37862.0
2025-04-21 00:00:00,REC-243-00480,H,Seoul,9.66,32979.0,918.0,0,1.31,14297.0
2025-04-21 01:00:00,REC-243-00481,M,Busan,8.68,37858.0,192.0,2,2.966,22012.0
2025-04-21 02:00:00,REC-243-00482,H,Busan,15.69,31044.0,222.0,0,-0.705,41550.0
2025-04-21 03:00:00,REC-243-00483,M,Busan,9.36,17309.0,378.0,0,1.241,20062.0
2025-04-21 04:00:00,REC-243-00484,L,Busan,9.81,15988.0,315.0,2,-0.483,24979.0
2025-04-21 05:00:00,REC-243-00485,M,Daejeon,9.65,27861.0,454.0,1,-0.146,30617.0
2025-04-21 06:00:00,REC-243-00486,M,Busan,8.49,26972.0,558.0,4,1.399,32159.0
2025-04-21 07:00:00,REC-243-00487,L,Seoul,10.23,29811.0,188.0,2,0.159,30099.0
2025-04-21 08:00:00,REC-243-00488,L,Daejeon,15.88,15492.0,284.0,2,0.35,22724.0
2025-04-21 09:00:00,REC-243-00489,L,Seoul,12.11,33309.0,428.0,3,-0.616,37323.0
2025-04-21 10:00:00,REC-243-00490,M,Seoul,10.85,34689.0,432.0,3,2.266,36391.0
2025-04-21 11:00:00,REC-243-00491,H,Seoul,15.64,29028.0,896.0,0,-0.905,28839.0
2025-04-21 12:00:00,REC-243-00492,L,Busan,20.63,46540.0,251.0,2,0.184,49768.0
2025-04-21 13:00:00,REC-243-00493,L,Seoul,10.97,29746.0,161.0,0,-0.664,28709.0
2025-04-21 14:00:00,REC-243-00494,M,Seoul,9.85,21821.0,492.0,2,2.008,33926.0
2025-04-21 15:00:00,REC-243-00495,L,Busan,15.49,48065.0,460.0,2,-1.994,44138.0
2025-04-21 16:00:00,REC-243-00496,L,Seoul,14.45,25345.0,453.0,4,-0.391,35740.0
2025-04-21 17:00:00,REC-243-00497,M,Seoul,9.23,41592.0,489.0,0,-0.326,28040.0
2025-04-21 18:00:00,REC-243-00498,M,Seoul,10.35,18587.0,170.0,2,0.737,22621.0
2025-04-21 19:00:00,REC-243-00499,M,Busan,11.35,38155.0,749.0,1,1.126,35705.0
2025-04-21 20:00:00,REC-243-00500,H,Seoul,13.56,34051.0,484.0,3,-1.093,42696.0
2025-04-21 21:00:00,REC-243-00501,L,Daejeon,11.97,50733.0,738.0,2,0.798,29975.0
2025-04-21 22:00:00,REC-243-00502,M,Seoul,14.96,35717.0,180.0,2,0.166,43510.0
2025-04-21 23:00:00,REC-243-00503,M,Seoul,11.64,35899.0,332.0,1,-0.74,30879.0
2025-04-22 00:00:00,REC-243-00504,L,Seoul,14.54,58412.0,220.0,1,0.325,44362.0
2025-04-22 01:00:00,REC-243-00505,M,Busan,4.38,15787.0,662.0,3,1.063,8486.0
2025-04-22 02:00:00,REC-243-00506,M,Busan,6.5,14440.0,687.0,1,0.401,10374.0
2025-04-22 03:00:00,REC-243-00507,L,Busan,12.37,22290.0,253.0,1,-1.722,29910.0
2025-04-22 04:00:00,REC-243-00508,H,Seoul,9.59,12935.0,599.0,2,0.743,25586.0
2025-04-22 05:00:00,REC-243-00509,M,Busan,9.97,26454.0,615.0,2,-0.712,23990.0
2025-04-22 06:00:00,REC-243-00510,L,Seoul,14.06,25181.0,171.0,0,1.22,20534.0
2025-04-22 07:00:00,REC-243-00511,H,Daejeon,11.51,18550.0,704.0,0,-0.984,25233.0
2025-04-22 08:00:00,REC-243-00512,M,Seoul,14.72,19359.0,475.0,3,1.467,25876.0
2025-04-22 09:00:00,REC-243-00513,L,Busan,13.17,19930.0,896.0,1,0.672,16768.0
2025-04-22 10:00:00,REC-243-00514,M,Seoul,17.05,25863.0,488.0,0,1.393,25409.0
2025-04-22 11:00:00,REC-243-00515,H,Seoul,8.77,31332.0,517.0,1,0.357,24377.0
2025-04-22 12:00:00,REC-243-00516,M,Seoul,10.34,27932.0,523.0,1,1.963,35770.0
2025-04-22 13:00:00,REC-243-00517,L,Seoul,15.03,31899.0,1278.0,2,0.474,25370.0
2025-04-22 14:00:00,REC-243-00518,M,Seoul,21.2,51320.0,299.0,0,0.403,46908.0
2025-04-22 15:00:00,REC-243-00519,L,Daejeon,13.04,39910.0,384.0,5,0.342,33599.0
2025-04-22 16:00:00,REC-243-00520,L,Daejeon,8.47,30902.0,637.0,1,0.416,31500.0
2025-04-22 17:00:00,REC-243-00521,L,Busan,11.02,12441.0,497.0,0,1.535,24967.0
2025-04-22 18:00:00,REC-243-00522,H,Busan,10.33,33709.0,320.0,0,-0.181,33188.0
2025-04-22 19:00:00,REC-243-00523,L,Seoul,11.66,27129.0,283.0,0,0.171,29836.0
2025-04-22 20:00:00,REC-243-00524,L,Daejeon,10.43,52547.0,43.0,2,-0.939,55769.0
2025-04-22 21:00:00,REC-243-00525,M,Seoul,13.76,29475.0,657.0,2,0.118,28303.0
2025-04-22 22:00:00,REC-243-00526,L,Seoul,16.39,41741.0,849.0,2,-0.641,33287.0
2025-04-22 23:00:00,REC-243-00527,M,Busan,12.05,23342.0,381.0,4,0.659,23371.0
2025-04-23 00:00:00,REC-243-00528,M,Daejeon,14.54,21105.0,94.0,0,-0.922,39306.0
2025-04-23 01:00:00,REC-243-00529,H,Busan,11.68,22154.0,894.0,2,0.695,24845.0
2025-04-23 02:00:00,REC-243-00530,L,Busan,15.84,45038.0,439.0,5,2.602,33686.0
2025-04-23 03:00:00,REC-243-00531,L,Seoul,10.21,31144.0,285.0,2,0.077,27603.0
2025-04-23 04:00:00,REC-243-00532,L,Busan,12.9,43514.0,216.0,0,-0.917,39978.0
2025-04-23 05:00:00,REC-243-00533,M,Busan,13.63,23098.0,741.0,1,0.143,30303.0
2025-04-23 06:00:00,REC-243-00534,L,Busan,14.74,33479.0,441.0,1,-0.037,40234.0
2025-04-23 07:00:00,REC-243-00535,L,Daejeon,11.0,17512.0,480.0,3,0.428,22028.0
2025-04-23 08:00:00,REC-243-00536,M,Seoul,16.4,25594.0,691.0,1,0.247,34396.0
2025-04-23 09:00:00,REC-243-00537,L,Daejeon,13.28,78710.0,188.0,3,1.115,41637.0
2025-04-23 10:00:00,REC-243-00538,H,Busan,10.99,15655.0,507.0,0,0.992,23759.0
2025-04-23 11:00:00,REC-243-00539,L,Daejeon,13.58,19937.0,294.0,2,-0.92,24728.0
2025-04-23 12:00:00,REC-243-00540,L,Busan,14.55,23865.0,239.0,3,1.248,26712.0
2025-04-23 13:00:00,REC-243-00541,M,Busan,4.12,29954.0,855.0,1,2.035,14221.0
2025-04-23 14:00:00,REC-243-00542,H,Seoul,10.41,19595.0,355.0,2,1.486,23159.0
2025-04-23 15:00:00,REC-243-00543,L,Seoul,9.03,34330.0,445.0,2,1.057,26599.0
2025-04-23 16:00:00,REC-243-00544,H,Busan,10.21,62653.0,658.0,0,-1.307,52263.0
2025-04-23 17:00:00,REC-243-00545,H,Seoul,15.83,29470.0,418.0,2,1.18,27419.0
2025-04-23 18:00:00,REC-243-00546,L,Seoul,13.69,29794.0,1180.0,1,0.481,29621.0
2025-04-23 19:00:00,REC-243-00547,M,Daejeon,12.65,16269.0,313.0,1,1.511,31499.0
2025-04-23 20:00:00,REC-243-00548,M,Busan,10.85,19399.0,374.0,0,-0.201,31393.0
2025-04-23 21:00:00,REC-243-00549,L,Seoul,15.43,35330.0,474.0,2,0.161,32522.0
2025-04-23 22:00:00,REC-243-00550,M,Seoul,13.12,18494.0,779.0,1,-0.006,27912.0
2025-04-23 23:00:00,REC-243-00551,L,Busan,16.54,33476.0,676.0,1,0.155,34172.0
2025-04-24 00:00:00,REC-243-00552,H,Busan,13.1,22918.0,460.0,0,-0.177,32835.0
2025-04-24 01:00:00,REC-243-00553,H,Busan,10.97,27649.0,812.0,1,0.34,26841.0
2025-04-24 02:00:00,REC-243-00554,H,Busan,13.81,33346.0,699.0,1,-1.177,38213.0
2025-04-24 03:00:00,REC-243-00555,M,Busan,14.62,32642.0,1121.0,1,-1.23,23928.0
2025-04-24 04:00:00,REC-243-00556,L,Seoul,17.73,54630.0,769.0,1,1.344,49941.0
2025-04-24 05:00:00,REC-243-00557,H,Seoul,10.85,32335.0,628.0,3,0.725,22801.0
2025-04-24 06:00:00,REC-243-00558,L,Seoul,8.03,36069.0,720.0,0,0.897,33244.0
2025-04-24 07:00:00,REC-243-00559,H,Seoul,9.93,27310.0,1006.0,1,-1.858,31702.0
2025-04-24 08:00:00,REC-243-00560,L,Seoul,15.42,36862.0,603.0,1,-0.045,29981.0
2025-04-24 09:00:00,REC-243-00561,L,Seoul,13.82,26157.0,423.0,3,0.079,32398.0
2025-04-24 10:00:00,REC-243-00562,M,Seoul,13.82,26937.0,172.0,0,-0.153,37848.0
2025-04-24 11:00:00,REC-243-00563,L,Busan,11.17,35044.0,717.0,2,-0.732,40955.0
2025-04-24 12:00:00,REC-243-00564,H,Seoul,13.67,28286.0,943.0,2,0.117,29679.0
2025-04-24 13:00:00,REC-243-00565,L,Busan,8.35,49172.0,1779.0,0,-1.28,25635.0
2025-04-24 14:00:00,REC-243-00566,M,Seoul,11.38,17580.0,1030.0,0,0.977,14993.0
2025-04-24 15:00:00,REC-243-00567,M,Seoul,15.45,19448.0,377.0,1,1.376,23093.0
2025-04-24 16:00:00,REC-243-00568,L,Busan,7.16,13064.0,342.0,1,-0.047,20393.0
2025-04-24 17:00:00,REC-243-00569,L,Seoul,13.69,19803.0,169.0,0,-0.485,21508.0
2025-04-24 18:00:00,REC-243-00570,L,Seoul,15.42,55330.0,483.0,1,0.569,39649.0
2025-04-24 19:00:00,REC-243-00571,M,Seoul,10.1,38470.0,112.0,2,0.148,22091.0
2025-04-24 20:00:00,REC-243-00572,L,Seoul,10.27,16867.0,240.0,0,1.668,28256.0
2025-04-24 21:00:00,REC-243-00573,M,Busan,13.47,39076.0,614.0,2,0.337,36193.0
2025-04-24 22:00:00,REC-243-00574,M,Seoul,8.74,31445.0,169.0,1,2.659,25640.0
2025-04-24 23:00:00,REC-243-00575,H,Seoul,15.1,19834.0,633.0,3,0.063,32410.0
2025-04-25 00:00:00,REC-243-00576,H,Daejeon,5.85,26778.0,340.0,2,0.197,26765.0
2025-04-25 01:00:00,REC-243-00577,L,Daejeon,21.9,24402.0,388.0,0,0.704,49626.0
2025-04-25 02:00:00,REC-243-00578,L,Seoul,12.45,19050.0,410.0,1,-0.322,27673.0
2025-04-25 03:00:00,REC-243-00579,M,Seoul,7.73,24084.0,850.0,0,0.528,30628.0
2025-04-25 04:00:00,REC-243-00580,L,Busan,11.44,24225.0,61.0,0,0.252,36679.0
2025-04-25 05:00:00,REC-243-00581,L,Daejeon,12.13,27706.0,799.0,0,1.043,31628.0
2025-04-25 06:00:00,REC-243-00582,L,Seoul,10.26,23119.0,489.0,1,-0.507,29280.0
2025-04-25 07:00:00,REC-243-00583,L,Daejeon,10.44,12967.0,1282.0,0,-1.269,26203.0
2025-04-25 08:00:00,REC-243-00584,L,Busan,14.52,17136.0,534.0,1,-1.691,31913.0
2025-04-25 09:00:00,REC-243-00585,H,Busan,7.87,18528.0,887.0,4,-1.708,32164.0
2025-04-25 10:00:00,REC-243-00586,M,Seoul,11.59,28775.0,700.0,4,0.889,25214.0
2025-04-25 11:00:00,REC-243-00587,M,Seoul,13.4,47385.0,653.0,2,-0.574,40168.0
2025-04-25 12:00:00,REC-243-00588,H,Busan,11.61,14684.0,676.0,0,0.681,9106.0
2025-04-25 13:00:00,REC-243-00589,M,Busan,12.67,59407.0,292.0,1,1.164,37240.0
2025-04-25 14:00:00,REC-243-00590,L,Seoul,16.24,28834.0,229.0,0,-0.958,35842.0
2025-04-25 15:00:00,REC-243-00591,H,Busan,8.61,23149.0,173.0,5,0.137,29555.0
2025-04-25 16:00:00,REC-243-00592,M,Seoul,9.1,17140.0,380.0,2,0.856,21146.0
2025-04-25 17:00:00,REC-243-00593,M,Busan,11.79,38805.0,313.0,3,-0.035,35033.0
2025-04-25 18:00:00,REC-243-00594,L,Busan,11.31,23702.0,850.0,2,1.061,23562.0
2025-04-25 19:00:00,REC-243-00595,L,Busan,2.93,27640.0,1005.0,0,1.875,11782.0
2025-04-25 20:00:00,REC-243-00596,L,Daejeon,14.22,35247.0,198.0,1,1.193,33603.0
2025-04-25 21:00:00,REC-243-00597,L,Seoul,16.48,43283.0,246.0,5,-0.216,42818.0
2025-04-25 22:00:00,REC-243-00598,H,Seoul,14.4,47430.0,548.0,0,1.249,41780.0
2025-04-25 23:00:00,REC-243-00599,M,Busan,14.26,32690.0,316.0,2,1.054,36157.0
2025-04-26 00:00:00,REC-243-00600,L,Daejeon,14.63,33143.0,679.0,1,0.483,36009.0
2025-04-26 01:00:00,REC-243-00601,L,Daejeon,9.58,36117.0,356.0,2,1.165,19758.0
2025-04-26 02:00:00,REC-243-00602,L,Seoul,17.82,33427.0,638.0,1,0.568,31749.0
2025-04-26 03:00:00,REC-243-00603,H,Daejeon,12.92,33479.0,1191.0,0,0.163,34054.0
2025-04-26 04:00:00,REC-243-00604,L,Seoul,17.13,17608.0,719.0,2,-0.586,26600.0
2025-04-26 05:00:00,REC-243-00605,M,Seoul,20.15,29674.0,355.0,1,-0.141,44423.0
2025-04-26 06:00:00,REC-243-00606,L,Seoul,10.81,13150.0,597.0,2,-0.757,19880.0
2025-04-26 07:00:00,REC-243-00607,L,Seoul,12.96,36898.0,103.0,1,1.377,37846.0
2025-04-26 08:00:00,REC-243-00608,L,Seoul,15.66,16973.0,333.0,2,-0.618,23704.0
2025-04-26 09:00:00,REC-243-00609,L,Busan,15.5,10049.0,633.0,2,1.64,10383.0
2025-04-26 10:00:00,REC-243-00610,M,Daejeon,14.68,17603.0,966.0,2,-0.014,23956.0
2025-04-26 11:00:00,REC-243-00611,M,Busan,15.22,24271.0,1252.0,1,1.047,18716.0
2025-04-26 12:00:00,REC-243-00612,M,Seoul,10.3,33550.0,716.0,3,1.13,27008.0
2025-04-26 13:00:00,REC-243-00613,M,Seoul,13.64,16910.0,1005.0,1,0.651,13629.0
2025-04-26 14:00:00,REC-243-00614,M,Seoul,12.93,27947.0,497.0,3,2.029,28640.0
2025-04-26 15:00:00,REC-243-00615,M,Seoul,8.06,16597.0,112.0,0,0.982,21847.0
2025-04-26 16:00:00,REC-243-00616,M,Busan,15.9,35211.0,130.0,1,1.212,33891.0
2025-04-26 17:00:00,REC-243-00617,M,Busan,14.04,23283.0,626.0,0,-0.276,26426.0
2025-04-26 18:00:00,REC-243-00618,M,Busan,6.73,18117.0,297.0,5,1.842,19729.0
2025-04-26 19:00:00,REC-243-00619,H,Seoul,13.46,45664.0,343.0,1,0.717,37596.0
2025-04-26 20:00:00,REC-243-00620,L,Seoul,13.06,35001.0,1032.0,3,-1.774,35363.0
2025-04-26 21:00:00,REC-243-00621,L,Busan,9.06,50926.0,1326.0,1,-0.845,24090.0
2025-04-26 22:00:00,REC-243-00622,L,Busan,7.59,41683.0,930.0,1,1.229,23309.0
2025-04-26 23:00:00,REC-243-00623,H,Seoul,10.6,19830.0,364.0,0,-1.142,24698.0
2025-04-27 00:00:00,REC-243-00624,M,Daejeon,10.44,19608.0,373.0,3,0.767,24383.0
2025-04-27 01:00:00,REC-243-00625,H,Seoul,9.2,66103.0,1018.0,3,1.272,33058.0
2025-04-27 02:00:00,REC-243-00626,L,Daejeon,11.45,28863.0,922.0,2,1.886,23794.0
2025-04-27 03:00:00,REC-243-00627,M,Seoul,15.21,76438.0,459.0,2,0.633,55419.0
2025-04-27 04:00:00,REC-243-00628,H,Seoul,11.44,26149.0,853.0,1,-0.481,26914.0
2025-04-27 05:00:00,REC-243-00629,M,Seoul,7.29,16551.0,667.0,3,1.06,15872.0
2025-04-27 06:00:00,REC-243-00630,M,Seoul,8.64,49478.0,590.0,0,1.07,41997.0
2025-04-27 07:00:00,REC-243-00631,H,Seoul,13.18,16767.0,681.0,4,0.967,26373.0
2025-04-27 08:00:00,REC-243-00632,H,Seoul,10.41,23346.0,649.0,0,0.289,18502.0
2025-04-27 09:00:00,REC-243-00633,L,Seoul,20.54,31876.0,455.0,2,-1.208,33743.0
2025-04-27 10:00:00,REC-243-00634,H,Seoul,12.04,32826.0,167.0,1,-1.403,39928.0
2025-04-27 11:00:00,REC-243-00635,L,Busan,19.47,29402.0,622.0,2,-0.502,34239.0
2025-04-27 12:00:00,REC-243-00636,M,Busan,13.28,20811.0,298.0,1,0.249,18859.0
2025-04-27 13:00:00,REC-243-00637,L,Daejeon,9.19,22118.0,262.0,0,1.545,29128.0
2025-04-27 14:00:00,REC-243-00638,L,Seoul,15.93,30509.0,291.0,1,0.348,40035.0
2025-04-27 15:00:00,REC-243-00639,H,Daejeon,9.88,55858.0,490.0,1,2.426,34385.0
2025-04-27 16:00:00,REC-243-00640,L,Seoul,16.76,18052.0,437.0,2,-2.061,33163.0
2025-04-27 17:00:00,REC-243-00641,H,Daejeon,6.11,28789.0,228.0,1,-1.787,23672.0
2025-04-27 18:00:00,REC-243-00642,L,Daejeon,9.17,58253.0,426.0,4,1.425,29857.0
2025-04-27 19:00:00,REC-243-00643,M,Seoul,14.13,24542.0,108.0,2,0.694,37701.0
2025-04-27 20:00:00,REC-243-00644,L,Seoul,14.09,53408.0,515.0,3,0.717,39130.0
2025-04-27 21:00:00,REC-243-00645,H,Busan,8.64,22086.0,1698.0,0,0.542,16250.0
2025-04-27 22:00:00,REC-243-00646,L,Seoul,14.16,45419.0,725.0,1,0.6,35589.0
2025-04-27 23:00:00,REC-243-00647,L,Busan,17.03,20268.0,509.0,2,-1.22,21611.0
2025-04-28 00:00:00,REC-243-00648,L,Seoul,13.71,29636.0,707.0,1,-0.339,40439.0
2025-04-28 01:00:00,REC-243-00649,L,Busan,11.8,60845.0,977.0,1,0.124,37302.0
2025-04-28 02:00:00,REC-243-00650,M,Busan,6.99,18967.0,341.0,0,0.493,19718.0
2025-04-28 03:00:00,REC-243-00651,M,Busan,10.5,28099.0,823.0,3,-0.203,19263.0
2025-04-28 04:00:00,REC-243-00652,L,Busan,15.88,26058.0,693.0,0,-0.497,27818.0
2025-04-28 05:00:00,REC-243-00653,L,Busan,12.41,24433.0,1099.0,2,-0.292,15559.0
2025-04-28 06:00:00,REC-243-00654,H,Daejeon,11.16,15763.0,402.0,3,-0.172,15812.0
2025-04-28 07:00:00,REC-243-00655,L,Seoul,8.48,19555.0,222.0,1,1.179,24467.0
2025-04-28 08:00:00,REC-243-00656,H,Busan,11.32,40494.0,555.0,5,0.764,38136.0
2025-04-28 09:00:00,REC-243-00657,L,Daejeon,9.13,41844.0,290.0,2,0.781,27133.0
2025-04-28 10:00:00,REC-243-00658,L,Daejeon,7.92,36135.0,380.0,0,-0.809,26187.0
2025-04-28 11:00:00,REC-243-00659,H,Seoul,10.05,34711.0,780.0,0,0.997,26689.0
2025-04-28 12:00:00,REC-243-00660,M,Busan,14.41,45013.0,237.0,0,2.217,28437.0
2025-04-28 13:00:00,REC-243-00661,L,Seoul,6.45,17539.0,232.0,1,-0.142,27616.0
2025-04-28 14:00:00,REC-243-00662,H,Seoul,16.95,37282.0,446.0,2,2.299,30926.0
2025-04-28 15:00:00,REC-243-00663,L,Daejeon,11.67,37189.0,1229.0,0,1.544,26603.0
2025-04-28 16:00:00,REC-243-00664,H,Seoul,13.06,23720.0,361.0,1,-1.187,27278.0
2025-04-28 17:00:00,REC-243-00665,M,Seoul,12.54,29636.0,134.0,0,0.702,25626.0
2025-04-28 18:00:00,REC-243-00666,M,Seoul,9.7,30619.0,363.0,1,1.549,32984.0
2025-04-28 19:00:00,REC-243-00667,L,Busan,12.65,24739.0,683.0,1,-1.663,14523.0
2025-04-28 20:00:00,REC-243-00668,L,Daejeon,9.97,23017.0,400.0,0,0.029,30905.0
2025-04-28 21:00:00,REC-243-00669,H,Busan,10.62,43816.0,543.0,0,2.33,31062.0
2025-04-28 22:00:00,REC-243-00670,L,Seoul,15.72,17711.0,603.0,3,-0.048,34613.0
2025-04-28 23:00:00,REC-243-00671,L,Daejeon,18.0,19814.0,1153.0,1,0.427,33192.0
2025-04-29 00:00:00,REC-243-00672,H,Seoul,13.83,30470.0,173.0,1,0.017,48512.0
2025-04-29 01:00:00,REC-243-00673,M,Busan,18.1,69565.0,967.0,1,0.574,51982.0
2025-04-29 02:00:00,REC-243-00674,H,Busan,11.69,19898.0,342.0,2,1.153,29725.0
2025-04-29 03:00:00,REC-243-00675,L,Busan,9.48,32969.0,513.0,0,0.163,21609.0
2025-04-29 04:00:00,REC-243-00676,L,Busan,13.45,15865.0,964.0,0,-0.676,17426.0
2025-04-29 05:00:00,REC-243-00677,L,Seoul,10.11,51984.0,314.0,2,1.708,40021.0
2025-04-29 06:00:00,REC-243-00678,L,Busan,14.84,41855.0,531.0,1,-0.991,37765.0
2025-04-29 07:00:00,REC-243-00679,M,Busan,9.75,27735.0,680.0,0,1.117,29180.0
2025-04-29 08:00:00,REC-243-00680,M,Busan,8.0,28407.0,1155.0,2,0.967,18986.0
2025-04-29 09:00:00,REC-243-00681,H,Seoul,5.99,50984.0,311.0,1,0.721,33418.0
2025-04-29 10:00:00,REC-243-00682,L,Busan,9.17,30504.0,493.0,2,-1.814,41847.0
2025-04-29 11:00:00,REC-243-00683,H,Seoul,14.59,31973.0,708.0,0,-1.556,24481.0
2025-04-29 12:00:00,REC-243-00684,M,Seoul,5.14,33349.0,151.0,1,1.179,26709.0
2025-04-29 13:00:00,REC-243-00685,H,Seoul,13.58,16256.0,602.0,0,-0.949,23358.0
2025-04-29 14:00:00,REC-243-00686,L,Seoul,11.82,21064.0,962.0,1,-0.019,29667.0
2025-04-29 15:00:00,REC-243-00687,M,Seoul,11.6,47679.0,321.0,0,1.325,34812.0
2025-04-29 16:00:00,REC-243-00688,L,Daejeon,16.5,81175.0,951.0,0,0.703,43648.0
2025-04-29 17:00:00,REC-243-00689,H,Seoul,20.25,14988.0,801.0,2,1.474,24464.0
2025-04-29 18:00:00,REC-243-00690,L,Daejeon,15.56,48463.0,203.0,0,2.114,46157.0
2025-04-29 19:00:00,REC-243-00691,L,Seoul,7.31,25965.0,967.0,1,0.951,22031.0
2025-04-29 20:00:00,REC-243-00692,M,Seoul,17.57,28633.0,1063.0,1,-0.376,27626.0
2025-04-29 21:00:00,REC-243-00693,L,Seoul,10.86,22114.0,779.0,0,1.07,20718.0
2025-04-29 22:00:00,REC-243-00694,L,Seoul,13.06,19468.0,732.0,1,-0.937,33355.0
2025-04-29 23:00:00,REC-243-00695,M,Seoul,16.07,29685.0,541.0,3,0.82,34479.0
2025-04-30 00:00:00,REC-243-00696,L,Seoul,14.96,124029.0,475.0,0,0.106,71492.0
2025-04-30 01:00:00,REC-243-00697,L,Busan,13.8,19672.0,579.0,0,-0.518,40317.0
2025-04-30 02:00:00,REC-243-00698,L,Seoul,21.14,16600.0,869.0,1,1.249,17724.0
2025-04-30 03:00:00,REC-243-00699,M,Seoul,12.18,62443.0,1246.0,0,0.209,31237.0
