timestamp,record_id,product_type,region,usage_frequency,transaction_amount,account_age_days,support_tickets,signal_score,y_true
2025-04-01 00:00:00,REC-43-00000,M,Seoul,13.5,9824.0,225.0,1,0.699,0
2025-04-01 01:00:00,REC-43-00001,L,Busan,6.18,30037.0,945.0,1,1.108,0
2025-04-01 02:00:00,REC-43-00002,L,Busan,14.24,36804.0,121.0,3,-1.471,0
2025-04-01 03:00:00,REC-43-00003,H,Seoul,11.08,24501.0,374.0,0,0.624,0
2025-04-01 04:00:00,REC-43-00004,M,Busan,15.11,20998.0,759.0,3,0.814,1
2025-04-01 05:00:00,REC-43-00005,L,Seoul,13.75,26895.0,353.0,0,-0.265,0
2025-04-01 06:00:00,REC-43-00006,M,Seoul,8.7,34352.0,376.0,1,-0.142,0
2025-04-01 07:00:00,REC-43-00007,L,Seoul,11.97,52937.0,63.0,1,2.456,0
2025-04-01 08:00:00,REC-43-00008,L,Busan,10.41,41519.0,603.0,1,-1.401,1
2025-04-01 09:00:00,REC-43-00009,M,Seoul,12.57,36933.0,399.0,0,0.945,1
2025-04-01 10:00:00,REC-43-00010,H,Seoul,9.34,20078.0,472.0,4,1.062,0
2025-04-01 11:00:00,REC-43-00011,H,Daejeon,10.49,21803.0,309.0,0,1.092,0
2025-04-01 12:00:00,REC-43-00012,L,Seoul,10.41,9853.0,948.0,0,-0.312,0
2025-04-01 13:00:00,REC-43-00013,L,Daejeon,6.2,26343.0,891.0,1,-0.048,0
2025-04-01 14:00:00,REC-43-00014,L,Daejeon,13.43,30815.0,289.0,2,0.525,0
2025-04-01 15:00:00,REC-43-00015,L,Seoul,17.98,58626.0,1329.0,0,-1.131,0
2025-04-01 16:00:00,REC-43-00016,L,Daejeon,10.63,8172.0,256.0,0,-0.785,0
2025-04-01 17:00:00,REC-43-00017,H,Seoul,13.34,24353.0,329.0,1,0.316,0
2025-04-01 18:00:00,REC-43-00018,H,Busan,10.68,15506.0,366.0,0,0.033,0
2025-04-01 19:00:00,REC-43-00019,M,Busan,4.05,26651.0,247.0,4,-0.657,0
2025-04-01 20:00:00,REC-43-00020,M,Seoul,8.86,20675.0,365.0,1,0.173,0
2025-04-01 21:00:00,REC-43-00021,H,Busan,17.13,73462.0,434.0,0,0.548,0
2025-04-01 22:00:00,REC-43-00022,M,Seoul,19.01,49724.0,624.0,0,-1.873,0
2025-04-01 23:00:00,REC-43-00023,H,Seoul,11.96,30640.0,1050.0,1,0.722,0
2025-04-02 00:00:00,REC-43-00024,H,Seoul,9.31,29602.0,832.0,0,-0.247,0
2025-04-02 01:00:00,REC-43-00025,L,Seoul,14.53,10606.0,487.0,0,2.375,0
2025-04-02 02:00:00,REC-43-00026,L,Seoul,9.0,28451.0,390.0,2,0.492,0
2025-04-02 03:00:00,REC-43-00027,M,Seoul,12.9,23618.0,1193.0,1,0.129,0
2025-04-02 04:00:00,REC-43-00028,L,Daejeon,12.03,37929.0,224.0,2,0.821,0
2025-04-02 05:00:00,REC-43-00029,L,Busan,9.51,20728.0,363.0,0,0.842,0
2025-04-02 06:00:00,REC-43-00030,L,Daejeon,13.89,17739.0,913.0,2,0.064,0
2025-04-02 07:00:00,REC-43-00031,M,Daejeon,11.79,45376.0,622.0,0,-0.409,0
2025-04-02 08:00:00,REC-43-00032,L,Busan,17.57,21214.0,379.0,4,0.855,0
2025-04-02 09:00:00,REC-43-00033,M,Daejeon,15.6,30950.0,555.0,4,0.232,0
2025-04-02 10:00:00,REC-43-00034,M,Seoul,12.25,36248.0,236.0,2,0.963,0
2025-04-02 11:00:00,REC-43-00035,L,Busan,7.86,64079.0,1366.0,1,0.148,0
2025-04-02 12:00:00,REC-43-00036,L,Seoul,8.85,28766.0,203.0,4,0.492,1
2025-04-02 13:00:00,REC-43-00037,M,Busan,15.38,31802.0,447.0,2,0.09,0
2025-04-02 14:00:00,REC-43-00038,L,Busan,14.56,41850.0,237.0,2,-0.009,0
2025-04-02 15:00:00,REC-43-00039,L,Daejeon,8.38,47076.0,908.0,1,-1.005,0
2025-04-02 16:00:00,REC-43-00040,L,Seoul,12.16,19240.0,1181.0,1,-0.728,0
2025-04-02 17:00:00,REC-43-00041,L,Seoul,9.53,30166.0,182.0,1,0.519,0
2025-04-02 18:00:00,REC-43-00042,M,Busan,8.35,51328.0,1010.0,3,0.842,0
2025-04-02 19:00:00,REC-43-00043,L,Busan,6.52,15194.0,350.0,1,-0.687,0
2025-04-02 20:00:00,REC-43-00044,M,Seoul,11.55,36466.0,667.0,1,0.366,0
2025-04-02 21:00:00,REC-43-00045,L,Seoul,11.82,6861.0,256.0,1,1.582,0
2025-04-02 22:00:00,REC-43-00046,M,Seoul,10.72,27573.0,743.0,1,-0.767,0
2025-04-02 23:00:00,REC-43-00047,H,Busan,7.98,22620.0,693.0,0,-0.196,0
2025-04-03 00:00:00,REC-43-00048,L,Seoul,12.89,35253.0,908.0,1,0.786,0
2025-04-03 01:00:00,REC-43-00049,L,Seoul,10.16,31491.0,693.0,0,0.891,1
2025-04-03 02:00:00,REC-43-00050,L,Seoul,14.18,27326.0,262.0,1,0.228,0
2025-04-03 03:00:00,REC-43-00051,L,Seoul,12.68,41817.0,1348.0,0,-0.672,0
2025-04-03 04:00:00,REC-43-00052,M,Seoul,10.54,21974.0,423.0,2,-0.266,0
2025-04-03 05:00:00,REC-43-00053,L,Daejeon,14.88,18082.0,564.0,1,0.185,0
2025-04-03 06:00:00,REC-43-00054,L,Seoul,9.59,13971.0,541.0,0,2.018,0
2025-04-03 07:00:00,REC-43-00055,H,Seoul,9.76,29507.0,632.0,1,0.84,0
2025-04-03 08:00:00,REC-43-00056,M,Seoul,12.17,70501.0,769.0,0,0.094,0
2025-04-03 09:00:00,REC-43-00057,M,Daejeon,14.35,37402.0,479.0,0,1.048,0
2025-04-03 10:00:00,REC-43-00058,H,Daejeon,11.39,30300.0,1429.0,1,-1.517,0
2025-04-03 11:00:00,REC-43-00059,M,Seoul,12.36,11944.0,402.0,2,1.697,0
2025-04-03 12:00:00,REC-43-00060,H,Daejeon,12.85,44254.0,154.0,1,1.23,0
2025-04-03 13:00:00,REC-43-00061,L,Seoul,10.96,51775.0,282.0,1,-0.173,1
2025-04-03 14:00:00,REC-43-00062,L,Seoul,12.81,22266.0,160.0,2,-0.409,0
2025-04-03 15:00:00,REC-43-00063,L,Daejeon,12.7,17525.0,141.0,2,-0.944,0
2025-04-03 16:00:00,REC-43-00064,L,Busan,6.64,14800.0,1514.0,0,-0.749,0
2025-04-03 17:00:00,REC-43-00065,M,Seoul,16.16,14502.0,439.0,1,0.286,0
2025-04-03 18:00:00,REC-43-00066,M,Busan,16.63,31786.0,469.0,1,-2.296,0
2025-04-03 19:00:00,REC-43-00067,H,Seoul,12.49,41865.0,905.0,1,2.373,0
2025-04-03 20:00:00,REC-43-00068,H,Seoul,15.32,32585.0,728.0,2,0.955,0
2025-04-03 21:00:00,REC-43-00069,M,Seoul,12.46,54714.0,129.0,2,2.708,0
2025-04-03 22:00:00,REC-43-00070,L,Busan,14.55,27897.0,834.0,2,0.148,0
2025-04-03 23:00:00,REC-43-00071,M,Busan,15.22,24467.0,232.0,0,1.448,0
2025-04-04 00:00:00,REC-43-00072,H,Seoul,10.72,24424.0,362.0,0,0.354,0
2025-04-04 01:00:00,REC-43-00073,H,Busan,13.54,27073.0,648.0,4,0.193,0
2025-04-04 02:00:00,REC-43-00074,M,Busan,16.46,71342.0,363.0,2,0.01,0
2025-04-04 03:00:00,REC-43-00075,M,Seoul,15.54,36391.0,475.0,0,-0.785,0
2025-04-04 04:00:00,REC-43-00076,H,Busan,16.96,39468.0,482.0,1,1.083,0
2025-04-04 05:00:00,REC-43-00077,M,Busan,16.73,54457.0,759.0,2,0.815,0
2025-04-04 06:00:00,REC-43-00078,M,Seoul,14.0,20410.0,240.0,4,0.994,0
2025-04-04 07:00:00,REC-43-00079,L,Seoul,9.11,74809.0,636.0,0,0.348,0
2025-04-04 08:00:00,REC-43-00080,L,Daejeon,14.07,18925.0,554.0,1,0.342,0
2025-04-04 09:00:00,REC-43-00081,M,Seoul,15.05,39218.0,498.0,0,-0.214,0
2025-04-04 10:00:00,REC-43-00082,H,Busan,14.86,52852.0,531.0,1,1.754,0
2025-04-04 11:00:00,REC-43-00083,M,Seoul,10.25,30881.0,273.0,2,-0.27,0
2025-04-04 12:00:00,REC-43-00084,H,Busan,14.52,36041.0,226.0,1,-0.593,1
2025-04-04 13:00:00,REC-43-00085,M,Seoul,10.36,24014.0,553.0,2,0.977,0
2025-04-04 14:00:00,REC-43-00086,M,Seoul,14.45,23233.0,781.0,2,0.247,0
2025-04-04 15:00:00,REC-43-00087,M,Daejeon,18.29,31067.0,170.0,1,-0.164,0
2025-04-04 16:00:00,REC-43-00088,M,Daejeon,9.08,24971.0,933.0,0,0.187,0
2025-04-04 17:00:00,REC-43-00089,L,Busan,10.83,27223.0,421.0,1,-0.147,0
2025-04-04 18:00:00,REC-43-00090,H,Seoul,12.34,32000.0,280.0,0,0.923,0
2025-04-04 19:00:00,REC-43-00091,L,Seoul,16.25,37252.0,244.0,0,-0.927,1
2025-04-04 20:00:00,REC-43-00092,M,Seoul,22.6,30346.0,732.0,0,-0.03,0
2025-04-04 21:00:00,REC-43-00093,L,Seoul,13.66,17613.0,1065.0,2,0.346,0
2025-04-04 22:00:00,REC-43-00094,L,Daejeon,12.45,26890.0,204.0,0,1.196,0
2025-04-04 23:00:00,REC-43-00095,H,Seoul,11.6,21112.0,142.0,3,-1.864,0
2025-04-05 00:00:00,REC-43-00096,M,Busan,6.15,32038.0,396.0,3,0.263,0
2025-04-05 01:00:00,REC-43-00097,L,Busan,12.07,37867.0,981.0,0,0.748,0
2025-04-05 02:00:00,REC-43-00098,M,Busan,12.56,34742.0,298.0,1,-1.18,1
2025-04-05 03:00:00,REC-43-00099,M,Seoul,16.47,30305.0,263.0,4,0.126,0
2025-04-05 04:00:00,REC-43-00100,L,Seoul,5.43,33879.0,330.0,1,-0.003,0
2025-04-05 05:00:00,REC-43-00101,H,Seoul,11.8,21597.0,94.0,1,-1.387,1
2025-04-05 06:00:00,REC-43-00102,H,Busan,12.76,55368.0,718.0,2,-0.21,0
2025-04-05 07:00:00,REC-43-00103,L,Daejeon,8.06,45934.0,489.0,1,0.192,0
2025-04-05 08:00:00,REC-43-00104,M,Daejeon,16.0,20785.0,957.0,3,0.043,0
2025-04-05 09:00:00,REC-43-00105,L,Seoul,12.57,26620.0,1139.0,0,0.545,0
2025-04-05 10:00:00,REC-43-00106,L,Daejeon,13.96,34190.0,121.0,3,-0.092,0
2025-04-05 11:00:00,REC-43-00107,M,Daejeon,11.53,33916.0,375.0,3,-1.594,1
2025-04-05 12:00:00,REC-43-00108,H,Daejeon,10.95,28456.0,606.0,1,-0.617,0
2025-04-05 13:00:00,REC-43-00109,M,Daejeon,6.83,17681.0,118.0,2,0.305,1
2025-04-05 14:00:00,REC-43-00110,L,Seoul,14.26,43729.0,175.0,1,-0.12,0
2025-04-05 15:00:00,REC-43-00111,L,Busan,15.33,34780.0,572.0,0,0.135,0
2025-04-05 16:00:00,REC-43-00112,M,Busan,13.94,25054.0,183.0,1,-0.402,0
2025-04-05 17:00:00,REC-43-00113,M,Seoul,9.41,24149.0,675.0,0,-0.711,0
2025-04-05 18:00:00,REC-43-00114,H,Daejeon,9.93,18593.0,486.0,0,0.353,0
2025-04-05 19:00:00,REC-43-00115,M,Seoul,7.96,14355.0,940.0,1,1.251,0
2025-04-05 20:00:00,REC-43-00116,H,Seoul,11.28,29266.0,448.0,1,-0.697,0
2025-04-05 21:00:00,REC-43-00117,M,Daejeon,16.5,54574.0,319.0,0,0.078,0
2025-04-05 22:00:00,REC-43-00118,L,Seoul,14.1,42463.0,462.0,1,0.378,0
2025-04-05 23:00:00,REC-43-00119,H,Seoul,9.77,31153.0,330.0,0,0.758,0
2025-04-06 00:00:00,REC-43-00120,M,Busan,7.28,42473.0,550.0,3,-0.727,0
2025-04-06 01:00:00,REC-43-00121,M,Seoul,12.82,28412.0,307.0,0,1.328,0
2025-04-06 02:00:00,REC-43-00122,M,Seoul,13.48,15304.0,414.0,1,-0.26,0
2025-04-06 03:00:00,REC-43-00123,M,Busan,11.26,12226.0,306.0,2,-0.681,0
2025-04-06 04:00:00,REC-43-00124,M,Seoul,10.85,44405.0,881.0,2,-0.339,0
2025-04-06 05:00:00,REC-43-00125,M,Seoul,10.28,18034.0,744.0,1,0.741,1
2025-04-06 06:00:00,REC-43-00126,H,Busan,11.26,39521.0,419.0,1,0.983,0
2025-04-06 07:00:00,REC-43-00127,M,Daejeon,8.87,27162.0,307.0,1,2.248,0
2025-04-06 08:00:00,REC-43-00128,M,Daejeon,12.75,34163.0,396.0,2,1.253,0
2025-04-06 09:00:00,REC-43-00129,H,Busan,13.32,27562.0,259.0,4,0.491,0
2025-04-06 10:00:00,REC-43-00130,H,Seoul,12.82,55355.0,985.0,0,-0.552,0
2025-04-06 11:00:00,REC-43-00131,M,Busan,12.39,30296.0,712.0,1,-0.593,0
2025-04-06 12:00:00,REC-43-00132,L,Seoul,16.15,25177.0,1265.0,4,0.985,0
2025-04-06 13:00:00,REC-43-00133,L,Seoul,11.12,41155.0,871.0,3,-0.314,0
2025-04-06 14:00:00,REC-43-00134,L,Seoul,12.05,45678.0,286.0,3,-0.012,1
2025-04-06 15:00:00,REC-43-00135,L,Seoul,17.64,32350.0,434.0,2,-0.497,1
2025-04-06 16:00:00,REC-43-00136,L,Seoul,7.45,22453.0,629.0,0,-1.537,1
2025-04-06 17:00:00,REC-43-00137,H,Seoul,5.52,12352.0,199.0,0,-0.008,0
2025-04-06 18:00:00,REC-43-00138,L,Daejeon,13.61,33890.0,371.0,1,-0.068,0
2025-04-06 19:00:00,REC-43-00139,L,Daejeon,11.29,22625.0,140.0,2,-0.023,0
2025-04-06 20:00:00,REC-43-00140,M,Seoul,18.11,23967.0,639.0,0,-0.449,0
2025-04-06 21:00:00,REC-43-00141,M,Seoul,15.08,34134.0,528.0,2,1.224,0
2025-04-06 22:00:00,REC-43-00142,L,Busan,14.42,33981.0,561.0,3,0.689,0
2025-04-06 23:00:00,REC-43-00143,L,Seoul,14.6,62997.0,388.0,1,-1.825,1
2025-04-07 00:00:00,REC-43-00144,H,Seoul,8.72,27720.0,621.0,1,-1.016,0
2025-04-07 01:00:00,REC-43-00145,M,Busan,12.31,17424.0,594.0,1,-2.445,1
2025-04-07 02:00:00,REC-43-00146,H,Daejeon,18.56,41142.0,332.0,1,1.29,0
2025-04-07 03:00:00,REC-43-00147,L,Busan,7.99,55610.0,451.0,3,0.915,0
2025-04-07 04:00:00,REC-43-00148,H,Busan,11.87,30819.0,292.0,4,-0.053,0
2025-04-07 05:00:00,REC-43-00149,L,Seoul,8.66,13427.0,447.0,1,0.336,0
2025-04-07 06:00:00,REC-43-00150,M,Busan,13.92,18647.0,434.0,3,0.102,0
2025-04-07 07:00:00,REC-43-00151,H,Seoul,14.92,32940.0,829.0,1,-1.337,0
2025-04-07 08:00:00,REC-43-00152,L,Seoul,9.01,67448.0,388.0,0,0.823,0
2025-04-07 09:00:00,REC-43-00153,L,Seoul,11.96,40954.0,278.0,2,1.091,1
2025-04-07 10:00:00,REC-43-00154,M,Seoul,16.32,42701.0,411.0,1,0.364,0
2025-04-07 11:00:00,REC-43-00155,M,Seoul,12.26,32134.0,172.0,3,0.775,0
2025-04-07 12:00:00,REC-43-00156,M,Seoul,8.66,11733.0,876.0,2,0.67,0
2025-04-07 13:00:00,REC-43-00157,M,Busan,13.44,30960.0,147.0,1,1.773,0
2025-04-07 14:00:00,REC-43-00158,H,Seoul,18.25,24652.0,1339.0,3,-1.301,0
2025-04-07 15:00:00,REC-43-00159,M,Seoul,7.58,13011.0,387.0,0,-1.687,0
2025-04-07 16:00:00,REC-43-00160,H,Seoul,10.57,34397.0,805.0,2,0.647,0
2025-04-07 17:00:00,REC-43-00161,H,Seoul,11.06,32731.0,159.0,0,1.437,0
2025-04-07 18:00:00,REC-43-00162,H,Seoul,13.61,25453.0,279.0,1,-0.965,0
2025-04-07 19:00:00,REC-43-00163,L,Seoul,12.93,29027.0,355.0,1,0.828,1
2025-04-07 20:00:00,REC-43-00164,L,Seoul,13.86,42399.0,608.0,4,1.008,0
2025-04-07 21:00:00,REC-43-00165,H,Seoul,17.93,13937.0,209.0,1,-1.578,0
2025-04-07 22:00:00,REC-43-00166,L,Seoul,11.84,26916.0,199.0,3,-0.378,0
2025-04-07 23:00:00,REC-43-00167,H,Busan,9.3,16817.0,997.0,1,-0.589,0
2025-04-08 00:00:00,REC-43-00168,L,Daejeon,12.27,35917.0,828.0,1,0.392,0
2025-04-08 01:00:00,REC-43-00169,L,Busan,16.81,12628.0,787.0,1,0.275,0
2025-04-08 02:00:00,REC-43-00170,L,Daejeon,11.43,33536.0,752.0,3,1.652,0
2025-04-08 03:00:00,REC-43-00171,L,Seoul,14.15,24782.0,311.0,4,-0.468,1
2025-04-08 04:00:00,REC-43-00172,L,Seoul,12.45,21841.0,317.0,2,1.097,0
2025-04-08 05:00:00,REC-43-00173,H,Seoul,11.4,40061.0,653.0,3,1.027,0
2025-04-08 06:00:00,REC-43-00174,L,Daejeon,10.68,47057.0,973.0,1,-0.25,0
2025-04-08 07:00:00,REC-43-00175,L,Daejeon,14.89,42870.0,379.0,1,1.53,0
2025-04-08 08:00:00,REC-43-00176,L,Seoul,10.37,28185.0,249.0,1,0.312,0
2025-04-08 09:00:00,REC-43-00177,L,Seoul,11.34,65385.0,641.0,0,-0.591,0
2025-04-08 10:00:00,REC-43-00178,M,Busan,6.58,25035.0,523.0,2,0.929,0
2025-04-08 11:00:00,REC-43-00179,M,Seoul,11.27,40367.0,467.0,0,-1.19,0
2025-04-08 12:00:00,REC-43-00180,M,Seoul,11.37,26181.0,362.0,4,0.466,0
2025-04-08 13:00:00,REC-43-00181,L,Daejeon,12.39,15956.0,564.0,2,-1.101,0
2025-04-08 14:00:00,REC-43-00182,M,Busan,10.22,33038.0,552.0,2,0.837,0
2025-04-08 15:00:00,REC-43-00183,L,Seoul,7.79,23228.0,459.0,3,-0.012,0
2025-04-08 16:00:00,REC-43-00184,L,Busan,13.04,34546.0,1193.0,3,-0.756,0
2025-04-08 17:00:00,REC-43-00185,L,Seoul,13.7,50110.0,373.0,1,-0.541,1
2025-04-08 18:00:00,REC-43-00186,L,Seoul,9.7,44584.0,165.0,0,1.207,0
2025-04-08 19:00:00,REC-43-00187,L,Busan,12.63,44388.0,900.0,1,-1.813,1
2025-04-08 20:00:00,REC-43-00188,L,Busan,10.39,59739.0,958.0,2,1.856,0
2025-04-08 21:00:00,REC-43-00189,L,Busan,11.28,22036.0,165.0,3,-0.549,0
2025-04-08 22:00:00,REC-43-00190,L,Seoul,12.29,22800.0,778.0,2,-0.195,0
2025-04-08 23:00:00,REC-43-00191,M,Daejeon,10.09,45388.0,634.0,0,1.32,0
2025-04-09 00:00:00,REC-43-00192,H,Busan,8.62,40311.0,743.0,2,1.231,0
2025-04-09 01:00:00,REC-43-00193,M,Seoul,17.95,20966.0,416.0,1,-0.45,0
2025-04-09 02:00:00,REC-43-00194,H,Seoul,11.32,20069.0,635.0,1,0.223,0
2025-04-09 03:00:00,REC-43-00195,H,Daejeon,12.56,29680.0,287.0,0,0.725,0
2025-04-09 04:00:00,REC-43-00196,M,Seoul,16.03,54543.0,273.0,0,0.439,0
2025-04-09 05:00:00,REC-43-00197,L,Busan,15.41,19040.0,1199.0,4,-0.928,0
2025-04-09 06:00:00,REC-43-00198,L,Daejeon,8.77,21184.0,424.0,1,0.192,0
2025-04-09 07:00:00,REC-43-00199,H,Busan,10.29,21494.0,283.0,0,-1.323,1
2025-04-09 08:00:00,REC-43-00200,M,Daejeon,21.28,12611.0,163.0,1,-0.732,0
2025-04-09 09:00:00,REC-43-00201,M,Seoul,12.18,51436.0,702.0,3,0.614,0
2025-04-09 10:00:00,REC-43-00202,M,Busan,14.55,40127.0,1076.0,0,-1.104,0
2025-04-09 11:00:00,REC-43-00203,L,Seoul,12.87,19619.0,604.0,0,-0.477,0
2025-04-09 12:00:00,REC-43-00204,H,Busan,11.2,32956.0,618.0,2,1.565,0
2025-04-09 13:00:00,REC-43-00205,M,Daejeon,12.09,36090.0,336.0,2,0.755,0
2025-04-09 14:00:00,REC-43-00206,M,Seoul,12.79,28480.0,338.0,2,-0.303,0
2025-04-09 15:00:00,REC-43-00207,M,Busan,13.02,16435.0,257.0,1,0.09,0
2025-04-09 16:00:00,REC-43-00208,M,Busan,3.61,52491.0,524.0,1,0.727,1
2025-04-09 17:00:00,REC-43-00209,L,Seoul,10.27,27172.0,192.0,2,1.493,0
2025-04-09 18:00:00,REC-43-00210,M,Seoul,9.4,44648.0,528.0,4,-0.744,1
2025-04-09 19:00:00,REC-43-00211,L,Seoul,5.99,16684.0,517.0,2,-0.053,0
2025-04-09 20:00:00,REC-43-00212,M,Busan,9.0,12346.0,551.0,2,0.359,0
2025-04-09 21:00:00,REC-43-00213,H,Seoul,4.84,42617.0,695.0,1,0.985,0
2025-04-09 22:00:00,REC-43-00214,L,Seoul,17.6,14481.0,258.0,1,-0.128,0
2025-04-09 23:00:00,REC-43-00215,L,Seoul,10.29,30405.0,757.0,3,1.543,0
2025-04-10 00:00:00,REC-43-00216,M,Seoul,10.28,19263.0,1375.0,0,0.197,0
2025-04-10 01:00:00,REC-43-00217,L,Busan,14.27,33906.0,475.0,3,-0.347,0
2025-04-10 02:00:00,REC-43-00218,L,Seoul,11.12,16346.0,302.0,0,1.703,0
2025-04-10 03:00:00,REC-43-00219,M,Busan,13.98,35692.0,597.0,0,2.844,0
2025-04-10 04:00:00,REC-43-00220,L,Busan,10.78,74893.0,519.0,0,-1.683,1
2025-04-10 05:00:00,REC-43-00221,H,Seoul,11.59,28227.0,340.0,1,1.607,0
2025-04-10 06:00:00,REC-43-00222,M,Daejeon,10.75,51126.0,647.0,0,0.263,0
2025-04-10 07:00:00,REC-43-00223,M,Seoul,14.67,53686.0,158.0,0,0.968,0
2025-04-10 08:00:00,REC-43-00224,L,Seoul,10.11,23587.0,1391.0,1,1.061,0
2025-04-10 09:00:00,REC-43-00225,L,Seoul,3.84,38457.0,607.0,3,0.279,0
2025-04-10 10:00:00,REC-43-00226,H,Busan,12.07,25865.0,743.0,0,2.826,0
2025-04-10 11:00:00,REC-43-00227,L,Busan,14.99,23809.0,461.0,0,0.2,0
2025-04-10 12:00:00,REC-43-00228,M,Busan,9.55,38033.0,294.0,0,0.469,0
2025-04-10 13:00:00,REC-43-00229,L,Seoul,8.46,31508.0,475.0,3,0.707,0
2025-04-10 14:00:00,REC-43-00230,L,Daejeon,9.91,36589.0,749.0,0,2.619,0
2025-04-10 15:00:00,REC-43-00231,H,Busan,4.41,24342.0,871.0,1,0.806,0
2025-04-10 16:00:00,REC-43-00232,L,Busan,8.54,34884.0,634.0,3,0.439,0
2025-04-10 17:00:00,REC-43-00233,M,Daejeon,9.42,42673.0,317.0,3,-1.381,1
2025-04-10 18:00:00,REC-43-00234,L,Seoul,14.1,30156.0,518.0,1,0.243,0
2025-04-10 19:00:00,REC-43-00235,L,Seoul,10.35,37223.0,337.0,2,1.23,0
2025-04-10 20:00:00,REC-43-00236,L,Seoul,14.16,12240.0,167.0,1,0.975,0
2025-04-10 21:00:00,REC-43-00237,M,Seoul,7.51,33742.0,345.0,1,0.959,0
2025-04-10 22:00:00,REC-43-00238,L,Busan,19.8,10103.0,885.0,0,-2.212,0
2025-04-10 23:00:00,REC-43-00239,L,Busan,9.06,21334.0,500.0,1,0.681,0
2025-04-11 00:00:00,REC-43-00240,M,Seoul,8.52,30699.0,448.0,0,-0.954,1
2025-04-11 01:00:00,REC-43-00241,H,Seoul,16.07,24277.0,829.0,1,-0.597,0
2025-04-11 02:00:00,REC-43-00242,H,Busan,8.28,16009.0,392.0,0,0.029,0
2025-04-11 03:00:00,REC-43-00243,M,Busan,12.74,34066.0,495.0,2,0.417,0
2025-04-11 04:00:00,REC-43-00244,H,Busan,20.91,43638.0,408.0,0,0.037,0
2025-04-11 05:00:00,REC-43-00245,L,Busan,10.16,23205.0,381.0,1,0.62,1
2025-04-11 06:00:00,REC-43-00246,L,Daejeon,5.66,37951.0,310.0,2,0.62,0
2025-04-11 07:00:00,REC-43-00247,L,Seoul,12.0,55170.0,378.0,3,0.439,1
2025-04-11 08:00:00,REC-43-00248,L,Busan,9.69,21670.0,334.0,1,-1.07,1
2025-04-11 09:00:00,REC-43-00249,L,Daejeon,8.86,20308.0,1248.0,0,0.76,0
2025-04-11 10:00:00,REC-43-00250,M,Daejeon,13.49,59861.0,1135.0,1,1.815,0
2025-04-11 11:00:00,REC-43-00251,L,Seoul,15.1,53297.0,479.0,0,0.196,0
2025-04-11 12:00:00,REC-43-00252,M,Seoul,13.17,37401.0,550.0,2,-0.749,0
2025-04-11 13:00:00,REC-43-00253,M,Busan,12.97,14092.0,524.0,2,0.086,0
2025-04-11 14:00:00,REC-43-00254,L,Seoul,6.99,75552.0,270.0,0,0.602,0
2025-04-11 15:00:00,REC-43-00255,H,Daejeon,10.14,29131.0,304.0,1,1.905,0
2025-04-11 16:00:00,REC-43-00256,L,Seoul,14.42,38039.0,253.0,3,-1.35,1
2025-04-11 17:00:00,REC-43-00257,L,Seoul,8.26,27666.0,317.0,1,-0.485,0
2025-04-11 18:00:00,REC-43-00258,M,Busan,13.27,24392.0,515.0,0,-0.398,0
2025-04-11 19:00:00,REC-43-00259,M,Daejeon,8.88,15635.0,225.0,2,0.105,0
2025-04-11 20:00:00,REC-43-00260,M,Daejeon,14.7,17326.0,927.0,1,-0.725,0
2025-04-11 21:00:00,REC-43-00261,M,Seoul,8.9,19868.0,968.0,2,-0.489,0
2025-04-11 22:00:00,REC-43-00262,L,Seoul,14.29,20087.0,287.0,1,0.878,0
2025-04-11 23:00:00,REC-43-00263,L,Seoul,14.29,16009.0,622.0,2,-0.764,0
2025-04-12 00:00:00,REC-43-00264,H,Busan,11.93,25119.0,492.0,4,0.232,0
2025-04-12 01:00:00,REC-43-00265,M,Seoul,11.26,40184.0,1530.0,0,0.919,0
2025-04-12 02:00:00,REC-43-00266,L,Seoul,7.8,24898.0,548.0,0,0.327,1
2025-04-12 03:00:00,REC-43-00267,L,Busan,7.46,28509.0,721.0,0,2.251,0
2025-04-12 04:00:00,REC-43-00268,L,Seoul,18.62,58242.0,356.0,1,0.02,0
2025-04-12 05:00:00,REC-43-00269,M,Busan,9.13,9977.0,548.0,2,1.281,0
2025-04-12 06:00:00,REC-43-00270,H,Seoul,5.63,31282.0,359.0,3,0.319,0
2025-04-12 07:00:00,REC-43-00271,L,Busan,12.75,40435.0,369.0,0,1.018,0
2025-04-12 08:00:00,REC-43-00272,M,Busan,10.13,29820.0,641.0,1,0.43,1
2025-04-12 09:00:00,REC-43-00273,H,Daejeon,12.11,11910.0,758.0,0,0.765,0
2025-04-12 10:00:00,REC-43-00274,L,Daejeon,11.73,20316.0,704.0,2,-1.147,0
2025-04-12 11:00:00,REC-43-00275,M,Seoul,7.89,29587.0,646.0,0,-0.702,0
2025-04-12 12:00:00,REC-43-00276,L,Seoul,5.24,22657.0,1223.0,1,0.347,0
2025-04-12 13:00:00,REC-43-00277,L,Daejeon,11.6,33865.0,497.0,2,1.033,1
2025-04-12 14:00:00,REC-43-00278,L,Busan,15.56,23626.0,885.0,3,0.469,0
2025-04-12 15:00:00,REC-43-00279,L,Seoul,10.55,17754.0,137.0,2,1.64,0
2025-04-12 16:00:00,REC-43-00280,L,Seoul,12.49,20183.0,240.0,4,-0.11,0
2025-04-12 17:00:00,REC-43-00281,M,Busan,14.19,16683.0,232.0,1,-0.471,0
2025-04-12 18:00:00,REC-43-00282,M,Seoul,9.86,26495.0,570.0,1,0.698,0
2025-04-12 19:00:00,REC-43-00283,M,Busan,9.25,37794.0,515.0,3,1.168,0
2025-04-12 20:00:00,REC-43-00284,L,Seoul,9.92,24258.0,756.0,1,-0.176,0
2025-04-12 21:00:00,REC-43-00285,L,Busan,14.55,32810.0,395.0,0,-0.092,0
2025-04-12 22:00:00,REC-43-00286,L,Busan,13.34,22533.0,923.0,0,-0.237,0
2025-04-12 23:00:00,REC-43-00287,L,Seoul,12.59,28669.0,914.0,0,0.323,0
2025-04-13 00:00:00,REC-43-00288,M,Seoul,7.72,29058.0,728.0,1,-0.107,0
2025-04-13 01:00:00,REC-43-00289,H,Seoul,17.82,13769.0,540.0,0,0.302,0
2025-04-13 02:00:00,REC-43-00290,L,Seoul,11.97,42603.0,87.0,2,-0.368,0
2025-04-13 03:00:00,REC-43-00291,L,Daejeon,10.96,48432.0,811.0,2,0.895,0
2025-04-13 04:00:00,REC-43-00292,L,Busan,13.93,19984.0,406.0,3,1.005,0
2025-04-13 05:00:00,REC-43-00293,L,Daejeon,13.93,21142.0,843.0,0,0.538,0
2025-04-13 06:00:00,REC-43-00294,M,Seoul,11.42,23248.0,515.0,0,-0.552,1
2025-04-13 07:00:00,REC-43-00295,M,Daejeon,13.9,15341.0,288.0,1,-1.031,1
2025-04-13 08:00:00,REC-43-00296,L,Seoul,18.03,17738.0,368.0,1,0.032,1
2025-04-13 09:00:00,REC-43-00297,L,Seoul,13.66,22464.0,663.0,2,0.725,0
2025-04-13 10:00:00,REC-43-00298,H,Seoul,11.09,14211.0,340.0,2,0.041,0
2025-04-13 11:00:00,REC-43-00299,H,Busan,8.41,19150.0,373.0,1,-1.333,0
2025-04-13 12:00:00,REC-43-00300,L,Seoul,8.37,40409.0,222.0,2,-0.17,0
2025-04-13 13:00:00,REC-43-00301,L,Busan,9.26,24969.0,367.0,2,-0.451,1
2025-04-13 14:00:00,REC-43-00302,H,Busan,9.82,21344.0,938.0,2,1.449,0
2025-04-13 15:00:00,REC-43-00303,M,Seoul,7.81,25465.0,2211.0,1,2.087,0
2025-04-13 16:00:00,REC-43-00304,H,Daejeon,10.86,55195.0,470.0,4,-0.221,0
2025-04-13 17:00:00,REC-43-00305,H,Busan,11.32,37993.0,1144.0,1,0.53,1
2025-04-13 18:00:00,REC-43-00306,L,Daejeon,8.45,13614.0,282.0,2,1.011,0
2025-04-13 19:00:00,REC-43-00307,M,Seoul,6.28,32320.0,510.0,3,-2.047,0
2025-04-13 20:00:00,REC-43-00308,M,Daejeon,14.72,32021.0,618.0,1,1.392,0
2025-04-13 21:00:00,REC-43-00309,M,Seoul,14.16,14637.0,535.0,0,-0.139,0
2025-04-13 22:00:00,REC-43-00310,M,Seoul,10.76,43366.0,959.0,1,0.614,0
2025-04-13 23:00:00,REC-43-00311,L,Seoul,11.91,26967.0,481.0,1,-1.547,1
2025-04-14 00:00:00,REC-43-00312,H,Seoul,12.27,17563.0,144.0,2,-0.635,0
2025-04-14 01:00:00,REC-43-00313,L,Busan,14.08,26837.0,574.0,2,0.331,0
2025-04-14 02:00:00,REC-43-00314,L,Daejeon,13.6,16498.0,719.0,1,0.572,0
2025-04-14 03:00:00,REC-43-00315,M,Seoul,11.37,35471.0,289.0,1,-0.756,0
2025-04-14 04:00:00,REC-43-00316,M,Daejeon,10.38,22336.0,448.0,0,-0.619,0
2025-04-14 05:00:00,REC-43-00317,M,Busan,9.37,20279.0,763.0,0,0.217,0
2025-04-14 06:00:00,REC-43-00318,M,Busan,13.52,19689.0,384.0,0,0.603,0
2025-04-14 07:00:00,REC-43-00319,L,Seoul,17.56,29707.0,481.0,2,1.117,0
2025-04-14 08:00:00,REC-43-00320,H,Busan,12.13,31085.0,170.0,3,-0.005,0
2025-04-14 09:00:00,REC-43-00321,M,Seoul,14.37,18976.0,210.0,2,0.495,0
2025-04-14 10:00:00,REC-43-00322,L,Busan,15.47,11003.0,276.0,0,-0.15,0
2025-04-14 11:00:00,REC-43-00323,M,Seoul,11.68,20585.0,465.0,3,-0.461,0
2025-04-14 12:00:00,REC-43-00324,H,Seoul,5.93,23291.0,471.0,1,0.286,0
2025-04-14 13:00:00,REC-43-00325,L,Seoul,9.74,29672.0,710.0,2,-2.07,0
2025-04-14 14:00:00,REC-43-00326,M,Daejeon,15.1,24334.0,460.0,2,0.234,0
2025-04-14 15:00:00,REC-43-00327,M,Daejeon,11.27,30512.0,1003.0,0,0.629,0
2025-04-14 16:00:00,REC-43-00328,H,Busan,15.46,41519.0,682.0,0,1.07,0
2025-04-14 17:00:00,REC-43-00329,M,Busan,9.14,20877.0,301.0,2,0.373,0
2025-04-14 18:00:00,REC-43-00330,M,Daejeon,13.64,23446.0,499.0,0,1.38,0
2025-04-14 19:00:00,REC-43-00331,M,Seoul,9.49,22746.0,123.0,0,-0.761,0
2025-04-14 20:00:00,REC-43-00332,M,Seoul,9.65,21764.0,761.0,1,0.919,0
2025-04-14 21:00:00,REC-43-00333,L,Daejeon,14.06,32009.0,381.0,1,1.28,0
2025-04-14 22:00:00,REC-43-00334,L,Daejeon,13.92,31809.0,323.0,1,0.304,1
2025-04-14 23:00:00,REC-43-00335,L,Seoul,7.49,53109.0,554.0,1,-0.699,1
2025-04-15 00:00:00,REC-43-00336,L,Busan,14.27,34451.0,582.0,1,-0.995,1
2025-04-15 01:00:00,REC-43-00337,L,Busan,12.2,26310.0,482.0,0,-1.329,1
2025-04-15 02:00:00,REC-43-00338,M,Busan,14.11,15657.0,224.0,2,-1.298,0
2025-04-15 03:00:00,REC-43-00339,M,Seoul,14.36,44157.0,603.0,2,1.633,0
2025-04-15 04:00:00,REC-43-00340,H,Seoul,12.66,24045.0,530.0,1,0.564,0
2025-04-15 05:00:00,REC-43-00341,M,Busan,15.16,28349.0,334.0,2,0.54,0
2025-04-15 06:00:00,REC-43-00342,L,Busan,10.57,81007.0,196.0,3,-0.909,0
2025-04-15 07:00:00,REC-43-00343,L,Seoul,14.94,24100.0,351.0,1,0.471,1
2025-04-15 08:00:00,REC-43-00344,L,Busan,5.01,36003.0,326.0,4,0.79,0
2025-04-15 09:00:00,REC-43-00345,L,Seoul,11.48,25077.0,510.0,1,-1.08,0
2025-04-15 10:00:00,REC-43-00346,L,Seoul,9.96,42909.0,226.0,3,1.004,0
2025-04-15 11:00:00,REC-43-00347,L,Seoul,12.13,36764.0,328.0,0,1.741,0
2025-04-15 12:00:00,REC-43-00348,H,Busan,16.5,43880.0,581.0,1,-0.477,0
2025-04-15 13:00:00,REC-43-00349,L,Seoul,16.39,17458.0,814.0,3,0.456,0
2025-04-15 14:00:00,REC-43-00350,M,Seoul,15.24,34684.0,616.0,1,0.275,0
2025-04-15 15:00:00,REC-43-00351,M,Seoul,12.37,31343.0,484.0,2,0.598,0
2025-04-15 16:00:00,REC-43-00352,L,Seoul,6.02,34387.0,262.0,5,0.059,1
2025-04-15 17:00:00,REC-43-00353,M,Seoul,13.0,14332.0,418.0,2,1.109,0
2025-04-15 18:00:00,REC-43-00354,M,Busan,12.74,30408.0,1442.0,0,0.117,0
2025-04-15 19:00:00,REC-43-00355,M,Seoul,10.39,31827.0,690.0,2,0.48,0
2025-04-15 20:00:00,REC-43-00356,L,Busan,10.39,39425.0,818.0,3,-0.419,0
2025-04-15 21:00:00,REC-43-00357,M,Daejeon,17.45,43158.0,625.0,2,-0.584,0
2025-04-15 22:00:00,REC-43-00358,H,Busan,15.68,18143.0,374.0,2,-0.075,0
2025-04-15 23:00:00,REC-43-00359,L,Busan,10.55,14675.0,437.0,2,-0.781,0
2025-04-16 00:00:00,REC-43-00360,L,Daejeon,14.71,60746.0,1032.0,1,0.225,0
2025-04-16 01:00:00,REC-43-00361,H,Seoul,13.55,21139.0,232.0,2,-1.302,1
2025-04-16 02:00:00,REC-43-00362,L,Seoul,11.73,49225.0,1366.0,3,2.017,0
2025-04-16 03:00:00,REC-43-00363,L,Daejeon,9.7,52752.0,431.0,1,1.357,1
2025-04-16 04:00:00,REC-43-00364,H,Seoul,12.33,40760.0,622.0,1,1.109,0
2025-04-16 05:00:00,REC-43-00365,M,Seoul,11.3,47075.0,590.0,2,-0.389,0
2025-04-16 06:00:00,REC-43-00366,L,Seoul,5.98,25319.0,438.0,3,-2.002,1
2025-04-16 07:00:00,REC-43-00367,H,Seoul,11.82,29688.0,91.0,3,-1.021,1
2025-04-16 08:00:00,REC-43-00368,H,Seoul,17.32,39618.0,552.0,3,-0.365,1
2025-04-16 09:00:00,REC-43-00369,M,Daejeon,8.12,22469.0,953.0,1,-1.829,0
2025-04-16 10:00:00,REC-43-00370,H,Busan,13.75,20824.0,345.0,3,-0.546,0
2025-04-16 11:00:00,REC-43-00371,M,Daejeon,14.58,23890.0,546.0,1,0.034,0
2025-04-16 12:00:00,REC-43-00372,M,Seoul,10.24,13044.0,884.0,3,0.254,1
2025-04-16 13:00:00,REC-43-00373,L,Daejeon,14.09,36825.0,726.0,3,0.536,0
2025-04-16 14:00:00,REC-43-00374,M,Seoul,18.6,27421.0,1247.0,1,-0.237,0
2025-04-16 15:00:00,REC-43-00375,L,Seoul,13.38,53474.0,595.0,0,0.403,1
2025-04-16 16:00:00,REC-43-00376,M,Busan,12.51,33909.0,181.0,1,0.47,0
2025-04-16 17:00:00,REC-43-00377,H,Busan,12.09,58043.0,152.0,0,2.024,0
2025-04-16 18:00:00,REC-43-00378,L,Daejeon,15.31,42947.0,118.0,2,-0.399,0
2025-04-16 19:00:00,REC-43-00379,L,Seoul,13.44,35238.0,445.0,1,0.567,0
2025-04-16 20:00:00,REC-43-00380,L,Seoul,13.86,47955.0,514.0,2,1.336,0
2025-04-16 21:00:00,REC-43-00381,L,Seoul,10.04,16152.0,92.0,2,-0.5,0
2025-04-16 22:00:00,REC-43-00382,L,Seoul,10.64,43994.0,399.0,0,-0.189,0
2025-04-16 23:00:00,REC-43-00383,L,Busan,14.87,27650.0,235.0,2,2.848,0
2025-04-17 00:00:00,REC-43-00384,M,Busan,19.18,17521.0,192.0,1,0.011,0
2025-04-17 01:00:00,REC-43-00385,H,Daejeon,16.03,17232.0,245.0,0,-0.076,0
2025-04-17 02:00:00,REC-43-00386,M,Busan,14.57,39998.0,432.0,2,-1.321,0
2025-04-17 03:00:00,REC-43-00387,L,Busan,9.51,31365.0,430.0,1,1.391,0
2025-04-17 04:00:00,REC-43-00388,M,Daejeon,13.83,23330.0,1126.0,3,-1.061,0
2025-04-17 05:00:00,REC-43-00389,L,Seoul,10.17,11311.0,590.0,1,-0.591,0
2025-04-17 06:00:00,REC-43-00390,M,Busan,16.14,27364.0,235.0,2,-0.156,0
2025-04-17 07:00:00,REC-43-00391,L,Seoul,10.51,35333.0,312.0,4,0.329,0
2025-04-17 08:00:00,REC-43-00392,H,Seoul,5.25,17904.0,524.0,0,-0.817,0
2025-04-17 09:00:00,REC-43-00393,L,Busan,20.35,22043.0,296.0,1,-0.12,0
2025-04-17 10:00:00,REC-43-00394,L,Seoul,13.35,18735.0,563.0,2,-0.819,0
2025-04-17 11:00:00,REC-43-00395,H,Busan,11.43,44350.0,232.0,1,0.484,0
2025-04-17 12:00:00,REC-43-00396,L,Busan,13.61,28448.0,1240.0,1,-1.07,0
2025-04-17 13:00:00,REC-43-00397,H,Daejeon,6.68,23702.0,635.0,2,0.401,0
2025-04-17 14:00:00,REC-43-00398,L,Daejeon,10.88,17403.0,423.0,1,0.929,0
2025-04-17 15:00:00,REC-43-00399,H,Seoul,8.96,61352.0,483.0,1,-1.521,0
2025-04-17 16:00:00,REC-43-00400,H,Seoul,8.99,21368.0,587.0,3,-0.239,0
2025-04-17 17:00:00,REC-43-00401,L,Seoul,9.52,40499.0,456.0,3,1.522,0
2025-04-17 18:00:00,REC-43-00402,H,Daejeon,14.42,42495.0,908.0,1,1.428,0
2025-04-17 19:00:00,REC-43-00403,H,Daejeon,12.58,24696.0,813.0,3,-1.358,0
2025-04-17 20:00:00,REC-43-00404,H,Seoul,11.86,36365.0,375.0,1,0.323,0
2025-04-17 21:00:00,REC-43-00405,L,Seoul,9.97,27786.0,703.0,1,-0.806,0
2025-04-17 22:00:00,REC-43-00406,L,Busan,10.53,19161.0,421.0,4,1.489,0
2025-04-17 23:00:00,REC-43-00407,L,Seoul,10.44,20192.0,627.0,1,1.264,0
2025-04-18 00:00:00,REC-43-00408,H,Seoul,13.05,26858.0,512.0,0,-0.859,0
2025-04-18 01:00:00,REC-43-00409,M,Seoul,14.04,46987.0,453.0,0,1.908,0
2025-04-18 02:00:00,REC-43-00410,L,Busan,12.26,24507.0,365.0,3,0.156,0
2025-04-18 03:00:00,REC-43-00411,L,Seoul,11.72,29701.0,406.0,1,-0.612,0
2025-04-18 04:00:00,REC-43-00412,M,Seoul,14.63,41787.0,246.0,1,0.696,0
2025-04-18 05:00:00,REC-43-00413,H,Daejeon,14.99,44423.0,451.0,2,1.288,0
2025-04-18 06:00:00,REC-43-00414,H,Seoul,10.83,16991.0,941.0,1,0.182,0
2025-04-18 07:00:00,REC-43-00415,L,Seoul,11.28,87537.0,182.0,3,2.824,0
2025-04-18 08:00:00,REC-43-00416,L,Busan,14.37,42838.0,392.0,2,-2.181,1
2025-04-18 09:00:00,REC-43-00417,L,Busan,16.58,24821.0,628.0,1,0.711,0
2025-04-18 10:00:00,REC-43-00418,L,Busan,15.04,33684.0,638.0,0,1.092,0
2025-04-18 11:00:00,REC-43-00419,L,Busan,14.05,50168.0,388.0,1,-1.663,0
2025-04-18 12:00:00,REC-43-00420,L,Seoul,13.29,20750.0,843.0,0,-0.657,0
2025-04-18 13:00:00,REC-43-00421,M,Daejeon,8.56,25493.0,544.0,0,-0.168,0
2025-04-18 14:00:00,REC-43-00422,L,Busan,9.21,22460.0,394.0,0,-2.049,1
2025-04-18 15:00:00,REC-43-00423,L,Seoul,12.67,15765.0,217.0,2,-2.91,1
2025-04-18 16:00:00,REC-43-00424,M,Daejeon,11.02,24189.0,133.0,0,0.843,0
2025-04-18 17:00:00,REC-43-00425,M,Seoul,13.52,25858.0,1693.0,1,-0.355,0
2025-04-18 18:00:00,REC-43-00426,L,Busan,13.34,17169.0,551.0,3,1.527,0
2025-04-18 19:00:00,REC-43-00427,L,Seoul,14.91,27319.0,196.0,3,-0.702,0
2025-04-18 20:00:00,REC-43-00428,L,Seoul,9.06,29239.0,325.0,2,1.967,0
2025-04-18 21:00:00,REC-43-00429,H,Seoul,12.71,24521.0,352.0,0,0.386,0
2025-04-18 22:00:00,REC-43-00430,M,Busan,6.81,36983.0,145.0,6,2.711,0
2025-04-18 23:00:00,REC-43-00431,M,Busan,10.91,17461.0,508.0,0,0.107,0
2025-04-19 00:00:00,REC-43-00432,M,Busan,15.24,35338.0,313.0,1,-0.523,1
2025-04-19 01:00:00,REC-43-00433,M,Seoul,9.01,6740.0,177.0,2,0.838,0
2025-04-19 02:00:00,REC-43-00434,H,Busan,11.45,71660.0,976.0,1,1.104,0
2025-04-19 03:00:00,REC-43-00435,L,Seoul,8.34,28208.0,1224.0,2,0.923,0
2025-04-19 04:00:00,REC-43-00436,L,Seoul,12.8,22712.0,93.0,1,1.752,0
2025-04-19 05:00:00,REC-43-00437,M,Seoul,18.59,36590.0,567.0,0,-0.203,0
2025-04-19 06:00:00,REC-43-00438,M,Daejeon,7.91,26319.0,118.0,4,1.088,0
2025-04-19 07:00:00,REC-43-00439,L,Seoul,10.81,25613.0,416.0,2,2.213,0
2025-04-19 08:00:00,REC-43-00440,L,Seoul,14.06,27932.0,830.0,0,-0.681,0
2025-04-19 09:00:00,REC-43-00441,M,Busan,15.51,36315.0,1188.0,1,0.219,0
2025-04-19 10:00:00,REC-43-00442,M,Daejeon,13.39,17413.0,639.0,1,0.826,0
2025-04-19 11:00:00,REC-43-00443,M,Daejeon,14.76,38303.0,340.0,0,1.146,0
2025-04-19 12:00:00,REC-43-00444,H,Daejeon,9.3,23329.0,424.0,1,1.478,0
2025-04-19 13:00:00,REC-43-00445,M,Seoul,12.6,36072.0,356.0,1,0.815,0
2025-04-19 14:00:00,REC-43-00446,M,Seoul,11.21,19676.0,310.0,3,1.238,1
2025-04-19 15:00:00,REC-43-00447,L,Busan,9.02,17511.0,835.0,0,-0.736,1
2025-04-19 16:00:00,REC-43-00448,M,Daejeon,11.61,26810.0,772.0,2,-0.581,0
2025-04-19 17:00:00,REC-43-00449,L,Seoul,9.52,17922.0,412.0,1,0.293,1
2025-04-19 18:00:00,REC-43-00450,L,Seoul,8.67,21772.0,849.0,2,-0.873,0
2025-04-19 19:00:00,REC-43-00451,H,Seoul,12.57,39151.0,822.0,1,0.776,0
2025-04-19 20:00:00,REC-43-00452,H,Daejeon,18.11,38047.0,860.0,0,-0.356,0
2025-04-19 21:00:00,REC-43-00453,M,Daejeon,7.85,22102.0,392.0,1,0.089,0
2025-04-19 22:00:00,REC-43-00454,L,Seoul,8.2,25356.0,557.0,3,0.576,1
2025-04-19 23:00:00,REC-43-00455,L,Seoul,12.82,33384.0,1081.0,2,2.404,0
2025-04-20 00:00:00,REC-43-00456,M,Busan,6.96,20175.0,519.0,4,0.235,0
2025-04-20 01:00:00,REC-43-00457,L,Seoul,9.51,13723.0,648.0,0,0.782,0
2025-04-20 02:00:00,REC-43-00458,M,Busan,13.62,18384.0,765.0,1,0.584,0
2025-04-20 03:00:00,REC-43-00459,L,Seoul,9.98,44042.0,189.0,1,0.711,0
2025-04-20 04:00:00,REC-43-00460,H,Busan,11.9,57399.0,612.0,2,-0.132,0
2025-04-20 05:00:00,REC-43-00461,M,Seoul,17.21,33152.0,441.0,1,-0.175,1
2025-04-20 06:00:00,REC-43-00462,L,Seoul,13.92,16391.0,1105.0,1,-0.675,0
2025-04-20 07:00:00,REC-43-00463,M,Busan,7.5,32674.0,209.0,0,-0.797,1
2025-04-20 08:00:00,REC-43-00464,L,Seoul,10.07,33417.0,612.0,3,0.34,0
2025-04-20 09:00:00,REC-43-00465,L,Seoul,17.56,34027.0,225.0,4,0.372,0
2025-04-20 10:00:00,REC-43-00466,M,Daejeon,11.68,58756.0,328.0,0,-0.664,0
2025-04-20 11:00:00,REC-43-00467,M,Busan,7.73,44300.0,610.0,1,1.564,0
2025-04-20 12:00:00,REC-43-00468,L,Busan,13.6,48363.0,80.0,0,-0.157,0
2025-04-20 13:00:00,REC-43-00469,M,Seoul,13.66,21246.0,361.0,2,-0.362,0
2025-04-20 14:00:00,REC-43-00470,H,Busan,17.9,25055.0,521.0,1,-0.681,0
2025-04-20 15:00:00,REC-43-00471,L,Busan,13.42,28823.0,237.0,2,0.692,0
2025-04-20 16:00:00,REC-43-00472,M,Seoul,14.68,40220.0,287.0,1,0.324,0
2025-04-20 17:00:00,REC-43-00473,L,Busan,16.21,28218.0,434.0,1,1.047,0
2025-04-20 18:00:00,REC-43-00474,L,Daejeon,6.93,38864.0,842.0,0,-0.42,0
2025-04-20 19:00:00,REC-43-00475,L,Seoul,11.61,44129.0,172.0,1,-0.884,0
2025-04-20 20:00:00,REC-43-00476,M,Seoul,11.23,33748.0,742.0,2,0.665,0
2025-04-20 21:00:00,REC-43-00477,H,Daejeon,11.69,62536.0,429.0,0,0.458,0
2025-04-20 22:00:00,REC-43-00478,L,Seoul,11.41,26104.0,495.0,2,0.793,0
2025-04-20 23:00:00,REC-43-00479,L,Busan,10.58,38284.0,896.0,1,-1.43,0
2025-04-21 00:00:00,REC-43-00480,L,Daejeon,14.93,20304.0,1220.0,1,2.22,0
2025-04-21 01:00:00,REC-43-00481,L,Seoul,10.44,28862.0,246.0,2,1.792,0
2025-04-21 02:00:00,REC-43-00482,L,Daejeon,16.27,40981.0,1273.0,1,-0.261,0
2025-04-21 03:00:00,REC-43-00483,L,Daejeon,8.88,56671.0,241.0,1,-0.181,0
2025-04-21 04:00:00,REC-43-00484,H,Busan,10.01,31933.0,590.0,2,0.183,0
2025-04-21 05:00:00,REC-43-00485,M,Seoul,4.87,49962.0,1016.0,0,0.472,0
2025-04-21 06:00:00,REC-43-00486,L,Seoul,7.14,60844.0,738.0,3,0.122,0
2025-04-21 07:00:00,REC-43-00487,M,Daejeon,18.12,28623.0,397.0,1,0.353,0
2025-04-21 08:00:00,REC-43-00488,L,Seoul,8.09,49073.0,461.0,0,0.022,0
2025-04-21 09:00:00,REC-43-00489,H,Seoul,12.3,53794.0,326.0,1,1.021,0
2025-04-21 10:00:00,REC-43-00490,L,Busan,14.17,26386.0,294.0,1,1.534,0
2025-04-21 11:00:00,REC-43-00491,M,Seoul,13.33,39478.0,122.0,1,0.734,0
2025-04-21 12:00:00,REC-43-00492,L,Seoul,16.49,13262.0,513.0,0,-0.137,1
2025-04-21 13:00:00,REC-43-00493,L,Busan,19.6,12577.0,186.0,1,0.398,0
2025-04-21 14:00:00,REC-43-00494,M,Busan,11.28,17171.0,977.0,0,1.985,0
2025-04-21 15:00:00,REC-43-00495,L,Busan,11.01,32425.0,656.0,0,-0.023,0
2025-04-21 16:00:00,REC-43-00496,M,Busan,15.36,38059.0,554.0,0,1.191,0
2025-04-21 17:00:00,REC-43-00497,L,Seoul,9.86,13360.0,617.0,2,0.036,0
2025-04-21 18:00:00,REC-43-00498,M,Seoul,6.65,25750.0,725.0,2,-0.883,0
2025-04-21 19:00:00,REC-43-00499,L,Busan,13.0,26556.0,1747.0,0,0.816,0
2025-04-21 20:00:00,REC-43-00500,M,Daejeon,9.82,16695.0,1047.0,0,1.188,0
2025-04-21 21:00:00,REC-43-00501,L,Daejeon,10.46,24669.0,185.0,0,2.058,0
2025-04-21 22:00:00,REC-43-00502,M,Seoul,9.91,43398.0,368.0,3,1.833,0
2025-04-21 23:00:00,REC-43-00503,L,Busan,11.16,28369.0,518.0,1,2.995,0
2025-04-22 00:00:00,REC-43-00504,M,Seoul,12.84,42975.0,615.0,0,2.136,0
2025-04-22 01:00:00,REC-43-00505,M,Busan,8.97,40088.0,239.0,3,0.659,0
2025-04-22 02:00:00,REC-43-00506,L,Daejeon,21.64,36150.0,940.0,1,0.21,0
2025-04-22 03:00:00,REC-43-00507,H,Busan,4.62,27017.0,537.0,1,-0.074,0
2025-04-22 04:00:00,REC-43-00508,H,Daejeon,16.24,32496.0,160.0,2,-0.415,0
2025-04-22 05:00:00,REC-43-00509,M,Busan,11.0,18360.0,645.0,0,1.805,0
2025-04-22 06:00:00,REC-43-00510,L,Busan,9.66,48046.0,802.0,2,-0.693,0
2025-04-22 07:00:00,REC-43-00511,L,Busan,11.23,60940.0,479.0,1,-0.536,1
2025-04-22 08:00:00,REC-43-00512,L,Daejeon,15.15,16879.0,438.0,0,0.737,0
2025-04-22 09:00:00,REC-43-00513,L,Seoul,10.73,17583.0,80.0,0,1.041,0
2025-04-22 10:00:00,REC-43-00514,M,Seoul,11.57,27976.0,936.0,1,-1.821,0
2025-04-22 11:00:00,REC-43-00515,H,Busan,11.19,16410.0,210.0,1,0.246,0
2025-04-22 12:00:00,REC-43-00516,M,Seoul,9.19,35906.0,1005.0,2,-0.84,0
2025-04-22 13:00:00,REC-43-00517,H,Seoul,15.52,16725.0,331.0,1,0.623,0
2025-04-22 14:00:00,REC-43-00518,M,Busan,14.08,75451.0,425.0,0,-0.362,0
2025-04-22 15:00:00,REC-43-00519,L,Daejeon,12.63,64337.0,1472.0,0,1.061,0
2025-04-22 16:00:00,REC-43-00520,L,Seoul,15.25,38152.0,151.0,2,-0.51,0
2025-04-22 17:00:00,REC-43-00521,H,Busan,14.98,23042.0,467.0,0,1.304,0
2025-04-22 18:00:00,REC-43-00522,M,Daejeon,12.96,47117.0,176.0,0,1.223,0
2025-04-22 19:00:00,REC-43-00523,L,Seoul,11.24,23851.0,584.0,2,0.473,0
2025-04-22 20:00:00,REC-43-00524,L,Busan,11.95,19091.0,993.0,0,-1.36,0
2025-04-22 21:00:00,REC-43-00525,L,Seoul,13.75,12332.0,407.0,4,-1.415,1
2025-04-22 22:00:00,REC-43-00526,L,Seoul,15.84,19560.0,230.0,2,-0.741,0
2025-04-22 23:00:00,REC-43-00527,M,Daejeon,12.05,54207.0,389.0,2,-0.344,0
2025-04-23 00:00:00,REC-43-00528,M,Seoul,14.31,52524.0,168.0,0,-1.066,1
2025-04-23 01:00:00,REC-43-00529,L,Seoul,13.98,36500.0,135.0,4,2.244,0
2025-04-23 02:00:00,REC-43-00530,L,Seoul,7.21,28006.0,359.0,1,0.117,0
2025-04-23 03:00:00,REC-43-00531,L,Seoul,7.8,15179.0,828.0,2,-0.962,0
2025-04-23 04:00:00,REC-43-00532,M,Busan,16.41,21907.0,289.0,2,-0.004,0
2025-04-23 05:00:00,REC-43-00533,L,Seoul,10.87,22848.0,494.0,1,0.424,0
2025-04-23 06:00:00,REC-43-00534,L,Busan,9.11,26181.0,383.0,1,0.046,1
2025-04-23 07:00:00,REC-43-00535,L,Busan,16.72,19092.0,362.0,0,-1.176,0
2025-04-23 08:00:00,REC-43-00536,L,Busan,7.6,38136.0,312.0,0,-0.44,0
2025-04-23 09:00:00,REC-43-00537,M,Busan,15.96,20999.0,809.0,0,-0.9,0
2025-04-23 10:00:00,REC-43-00538,M,Seoul,14.18,22025.0,921.0,2,-0.242,0
2025-04-23 11:00:00,REC-43-00539,L,Seoul,12.88,36347.0,535.0,1,-0.814,0
2025-04-23 12:00:00,REC-43-00540,H,Busan,9.04,34167.0,865.0,2,0.533,1
2025-04-23 13:00:00,REC-43-00541,H,Busan,14.43,44981.0,71.0,2,-0.833,1
2025-04-23 14:00:00,REC-43-00542,M,Seoul,9.56,20342.0,260.0,1,1.539,0
2025-04-23 15:00:00,REC-43-00543,M,Seoul,13.73,40665.0,283.0,1,0.241,1
2025-04-23 16:00:00,REC-43-00544,H,Daejeon,12.62,13811.0,375.0,0,2.531,0
2025-04-23 17:00:00,REC-43-00545,L,Seoul,12.69,25242.0,563.0,3,1.847,0
2025-04-23 18:00:00,REC-43-00546,M,Seoul,8.97,17974.0,281.0,3,0.722,0
2025-04-23 19:00:00,REC-43-00547,M,Busan,7.78,26263.0,255.0,1,1.524,0
2025-04-23 20:00:00,REC-43-00548,L,Seoul,11.2,49233.0,418.0,3,1.894,0
2025-04-23 21:00:00,REC-43-00549,L,Busan,13.88,10792.0,294.0,1,-1.21,1
2025-04-23 22:00:00,REC-43-00550,M,Daejeon,10.78,49110.0,964.0,1,-0.028,0
2025-04-23 23:00:00,REC-43-00551,L,Seoul,7.26,47409.0,260.0,2,-0.358,0
2025-04-24 00:00:00,REC-43-00552,H,Busan,13.29,23292.0,775.0,2,-0.078,0
2025-04-24 01:00:00,REC-43-00553,M,Busan,12.34,19694.0,228.0,3,0.452,0
2025-04-24 02:00:00,REC-43-00554,H,Busan,12.2,31819.0,230.0,2,-1.043,1
2025-04-24 03:00:00,REC-43-00555,M,Seoul,11.71,12658.0,1116.0,0,0.239,0
2025-04-24 04:00:00,REC-43-00556,H,Seoul,7.86,49619.0,345.0,5,0.677,0
2025-04-24 05:00:00,REC-43-00557,L,Seoul,9.71,61400.0,248.0,1,-0.47,0
2025-04-24 06:00:00,REC-43-00558,M,Busan,11.54,20179.0,673.0,0,-1.36,0
2025-04-24 07:00:00,REC-43-00559,L,Busan,14.46,22074.0,374.0,0,0.568,0
2025-04-24 08:00:00,REC-43-00560,M,Daejeon,12.76,36403.0,273.0,4,-0.132,0
2025-04-24 09:00:00,REC-43-00561,M,Seoul,12.56,19985.0,1461.0,0,-0.473,0
2025-04-24 10:00:00,REC-43-00562,M,Busan,18.75,21068.0,234.0,1,-1.628,0
2025-04-24 11:00:00,REC-43-00563,L,Busan,12.94,38617.0,285.0,0,-0.413,0
2025-04-24 12:00:00,REC-43-00564,M,Busan,9.5,27772.0,264.0,1,-0.003,0
2025-04-24 13:00:00,REC-43-00565,M,Busan,12.65,37491.0,191.0,0,0.483,0
2025-04-24 14:00:00,REC-43-00566,L,Seoul,3.59,52538.0,697.0,2,0.772,0
2025-04-24 15:00:00,REC-43-00567,L,Seoul,11.79,19440.0,92.0,0,-0.776,0
2025-04-24 16:00:00,REC-43-00568,H,Daejeon,11.34,30838.0,296.0,0,-0.194,0
2025-04-24 17:00:00,REC-43-00569,L,Daejeon,6.97,17167.0,222.0,4,-0.547,0
2025-04-24 18:00:00,REC-43-00570,L,Busan,7.04,43024.0,503.0,0,0.303,0
2025-04-24 19:00:00,REC-43-00571,L,Seoul,14.34,26701.0,769.0,2,-0.427,1
2025-04-24 20:00:00,REC-43-00572,H,Daejeon,11.06,30532.0,280.0,0,0.084,0
2025-04-24 21:00:00,REC-43-00573,M,Busan,10.23,51140.0,316.0,1,-0.735,1
2025-04-24 22:00:00,REC-43-00574,H,Seoul,13.83,15029.0,687.0,0,0.67,1
2025-04-24 23:00:00,REC-43-00575,M,Daejeon,12.88,32758.0,787.0,1,2.322,0
2025-04-25 00:00:00,REC-43-00576,H,Seoul,14.41,17613.0,436.0,1,-0.456,0
2025-04-25 01:00:00,REC-43-00577,L,Seoul,10.12,34774.0,740.0,2,-2.019,1
2025-04-25 02:00:00,REC-43-00578,L,Busan,12.39,12771.0,286.0,2,-0.308,0
2025-04-25 03:00:00,REC-43-00579,H,Busan,18.6,23107.0,343.0,2,0.22,1
2025-04-25 04:00:00,REC-43-00580,M,Busan,13.31,23328.0,568.0,2,-0.717,0
2025-04-25 05:00:00,REC-43-00581,M,Busan,10.98,46896.0,1392.0,3,-0.158,0
2025-04-25 06:00:00,REC-43-00582,M,Busan,14.53,33370.0,359.0,4,0.766,0
2025-04-25 07:00:00,REC-43-00583,L,Seoul,14.1,16936.0,474.0,2,-0.35,0
2025-04-25 08:00:00,REC-43-00584,L,Daejeon,18.18,20977.0,581.0,0,-0.476,0
2025-04-25 09:00:00,REC-43-00585,H,Seoul,11.4,44352.0,541.0,1,1.767,0
2025-04-25 10:00:00,REC-43-00586,H,Daejeon,12.87,24459.0,154.0,2,0.301,0
2025-04-25 11:00:00,REC-43-00587,L,Seoul,14.9,30556.0,650.0,2,-1.592,0
2025-04-25 12:00:00,REC-43-00588,M,Seoul,13.43,22837.0,280.0,0,-0.037,1
2025-04-25 13:00:00,REC-43-00589,M,Seoul,10.97,40717.0,645.0,1,-0.42,0
2025-04-25 14:00:00,REC-43-00590,M,Daejeon,16.12,44225.0,488.0,2,1.492,1
2025-04-25 15:00:00,REC-43-00591,L,Seoul,5.4,71860.0,282.0,1,-0.841,0
2025-04-25 16:00:00,REC-43-00592,M,Daejeon,12.32,21299.0,912.0,1,0.826,0
2025-04-25 17:00:00,REC-43-00593,M,Seoul,13.02,21352.0,588.0,1,2.396,0
2025-04-25 18:00:00,REC-43-00594,L,Seoul,8.0,30032.0,671.0,2,-0.014,1
2025-04-25 19:00:00,REC-43-00595,L,Busan,13.38,23886.0,405.0,0,0.592,0
2025-04-25 20:00:00,REC-43-00596,M,Busan,10.98,14453.0,1310.0,1,0.74,0
2025-04-25 21:00:00,REC-43-00597,H,Seoul,9.63,41356.0,642.0,2,1.13,0
2025-04-25 22:00:00,REC-43-00598,L,Seoul,10.7,44805.0,1339.0,0,-0.022,0
2025-04-25 23:00:00,REC-43-00599,M,Seoul,17.65,15244.0,456.0,1,0.099,0
2025-04-26 00:00:00,REC-43-00600,L,Seoul,13.71,22997.0,450.0,1,-1.65,0
2025-04-26 01:00:00,REC-43-00601,M,Seoul,5.24,45855.0,699.0,2,0.7,0
2025-04-26 02:00:00,REC-43-00602,M,Seoul,13.36,11244.0,335.0,1,0.566,1
2025-04-26 03:00:00,REC-43-00603,L,Seoul,12.27,29869.0,538.0,1,-2.01,1
2025-04-26 04:00:00,REC-43-00604,L,Seoul,10.31,30486.0,104.0,0,0.143,0
2025-04-26 05:00:00,REC-43-00605,M,Seoul,11.48,21770.0,378.0,2,0.642,0
2025-04-26 06:00:00,REC-43-00606,M,Daejeon,8.99,32394.0,881.0,1,-1.361,0
2025-04-26 07:00:00,REC-43-00607,L,Seoul,13.26,34103.0,338.0,3,0.522,0
2025-04-26 08:00:00,REC-43-00608,L,Daejeon,10.18,15327.0,739.0,2,1.315,0
2025-04-26 09:00:00,REC-43-00609,L,Daejeon,11.07,43556.0,857.0,2,1.914,0
2025-04-26 10:00:00,REC-43-00610,L,Seoul,8.69,25731.0,316.0,2,0.474,0
2025-04-26 11:00:00,REC-43-00611,L,Daejeon,16.74,53104.0,727.0,0,0.628,0
2025-04-26 12:00:00,REC-43-00612,M,Busan,4.24,15584.0,308.0,2,0.708,0
2025-04-26 13:00:00,REC-43-00613,L,Seoul,10.94,22934.0,175.0,1,1.96,0
2025-04-26 14:00:00,REC-43-00614,L,Daejeon,2.17,20259.0,742.0,1,3.1,0
2025-04-26 15:00:00,REC-43-00615,M,Daejeon,12.73,21904.0,593.0,3,-0.572,0
2025-04-26 16:00:00,REC-43-00616,L,Daejeon,8.46,70865.0,597.0,2,-1.498,0
2025-04-26 17:00:00,REC-43-00617,H,Daejeon,13.23,23454.0,182.0,2,-1.732,0
2025-04-26 18:00:00,REC-43-00618,L,Seoul,9.59,27987.0,524.0,1,-0.184,0
2025-04-26 19:00:00,REC-43-00619,M,Seoul,18.03,26547.0,354.0,0,1.512,0
2025-04-26 20:00:00,REC-43-00620,H,Seoul,17.05,22653.0,253.0,1,-0.449,0
2025-04-26 21:00:00,REC-43-00621,M,Seoul,9.5,21423.0,575.0,4,0.405,0
2025-04-26 22:00:00,REC-43-00622,H,Daejeon,16.0,37421.0,970.0,1,-0.49,0
2025-04-26 23:00:00,REC-43-00623,M,Seoul,13.91,20456.0,333.0,3,-0.145,0
2025-04-27 00:00:00,REC-43-00624,H,Daejeon,12.83,33002.0,651.0,1,-0.015,0
2025-04-27 01:00:00,REC-43-00625,L,Seoul,9.09,36868.0,697.0,4,0.45,0
2025-04-27 02:00:00,REC-43-00626,H,Busan,11.1,25462.0,291.0,0,-0.542,0
2025-04-27 03:00:00,REC-43-00627,H,Daejeon,13.15,31871.0,1104.0,2,1.084,0
2025-04-27 04:00:00,REC-43-00628,L,Daejeon,15.88,20175.0,401.0,2,0.207,0
2025-04-27 05:00:00,REC-43-00629,M,Daejeon,9.11,26405.0,361.0,1,1.653,0
2025-04-27 06:00:00,REC-43-00630,M,Busan,12.68,13996.0,185.0,2,-0.786,0
2025-04-27 07:00:00,REC-43-00631,M,Seoul,7.49,19416.0,506.0,1,-1.05,1
2025-04-27 08:00:00,REC-43-00632,L,Daejeon,14.61,31261.0,882.0,0,0.34,0
2025-04-27 09:00:00,REC-43-00633,M,Busan,13.58,50722.0,571.0,3,0.837,0
2025-04-27 10:00:00,REC-43-00634,L,Seoul,13.1,35016.0,168.0,1,1.01,1
2025-04-27 11:00:00,REC-43-00635,L,Seoul,13.1,33994.0,848.0,2,1.352,1
2025-04-27 12:00:00,REC-43-00636,L,Busan,10.24,38719.0,399.0,1,1.634,0
2025-04-27 13:00:00,REC-43-00637,M,Busan,13.71,19989.0,453.0,1,-0.451,0
2025-04-27 14:00:00,REC-43-00638,H,Seoul,13.07,24966.0,406.0,3,-0.986,0
2025-04-27 15:00:00,REC-43-00639,H,Daejeon,10.52,23590.0,618.0,1,-0.165,0
2025-04-27 16:00:00,REC-43-00640,L,Busan,10.03,13486.0,289.0,1,0.049,0
2025-04-27 17:00:00,REC-43-00641,L,Seoul,15.42,15758.0,1282.0,1,1.061,0
2025-04-27 18:00:00,REC-43-00642,M,Seoul,10.3,32948.0,852.0,3,-1.045,1
2025-04-27 19:00:00,REC-43-00643,M,Seoul,13.93,46129.0,228.0,2,-0.693,0
2025-04-27 20:00:00,REC-43-00644,L,Busan,9.83,32529.0,614.0,1,-0.182,0
2025-04-27 21:00:00,REC-43-00645,M,Daejeon,10.01,17604.0,427.0,2,-0.508,0
2025-04-27 22:00:00,REC-43-00646,M,Seoul,14.13,42581.0,649.0,0,-0.519,0
2025-04-27 23:00:00,REC-43-00647,L,Seoul,18.19,22681.0,1620.0,2,-1.216,0
2025-04-28 00:00:00,REC-43-00648,L,Seoul,12.72,15972.0,430.0,1,1.243,0
2025-04-28 01:00:00,REC-43-00649,M,Busan,12.0,36785.0,518.0,4,0.747,1
2025-04-28 02:00:00,REC-43-00650,L,Busan,14.23,37779.0,333.0,2,1.192,0
2025-04-28 03:00:00,REC-43-00651,L,Seoul,9.36,60565.0,595.0,1,-0.009,0
2025-04-28 04:00:00,REC-43-00652,H,Seoul,12.62,23847.0,572.0,2,1.132,0
2025-04-28 05:00:00,REC-43-00653,L,Seoul,10.44,48806.0,407.0,1,-1.166,1
2025-04-28 06:00:00,REC-43-00654,H,Busan,7.33,26204.0,405.0,0,0.907,0
2025-04-28 07:00:00,REC-43-00655,L,Busan,17.41,35633.0,2019.0,0,-0.137,0
2025-04-28 08:00:00,REC-43-00656,M,Busan,10.94,56342.0,482.0,2,0.14,0
2025-04-28 09:00:00,REC-43-00657,M,Seoul,9.83,33768.0,354.0,2,0.602,0
2025-04-28 10:00:00,REC-43-00658,L,Seoul,10.77,41162.0,614.0,2,2.03,0
2025-04-28 11:00:00,REC-43-00659,L,Busan,8.89,48526.0,638.0,1,-1.946,1
2025-04-28 12:00:00,REC-43-00660,M,Busan,11.03,47283.0,726.0,3,0.355,0
2025-04-28 13:00:00,REC-43-00661,H,Seoul,3.18,22266.0,387.0,1,1.932,0
2025-04-28 14:00:00,REC-43-00662,L,Seoul,12.89,55535.0,634.0,1,0.739,0
2025-04-28 15:00:00,REC-43-00663,H,Busan,6.66,26815.0,400.0,1,1.406,0
2025-04-28 16:00:00,REC-43-00664,L,Seoul,5.74,21601.0,294.0,0,-0.568,0
2025-04-28 17:00:00,REC-43-00665,M,Daejeon,16.04,28990.0,576.0,2,-0.071,0
2025-04-28 18:00:00,REC-43-00666,L,Busan,14.05,62188.0,290.0,1,1.83,0
2025-04-28 19:00:00,REC-43-00667,L,Seoul,7.79,21936.0,378.0,2,-0.437,0
2025-04-28 20:00:00,REC-43-00668,H,Daejeon,15.64,40943.0,219.0,2,1.846,0
2025-04-28 21:00:00,REC-43-00669,M,Seoul,13.45,25211.0,809.0,6,0.203,0
2025-04-28 22:00:00,REC-43-00670,M,Busan,11.62,74058.0,233.0,0,1.298,0
2025-04-28 23:00:00,REC-43-00671,L,Busan,11.56,15625.0,475.0,0,0.429,0
2025-04-29 00:00:00,REC-43-00672,L,Seoul,8.85,16060.0,449.0,1,-0.091,0
2025-04-29 01:00:00,REC-43-00673,L,Seoul,10.58,15199.0,663.0,1,0.286,0
2025-04-29 02:00:00,REC-43-00674,M,Seoul,19.17,25865.0,179.0,3,0.502,0
2025-04-29 03:00:00,REC-43-00675,H,Seoul,11.62,33173.0,860.0,0,1.098,0
2025-04-29 04:00:00,REC-43-00676,M,Seoul,9.68,15869.0,572.0,0,0.179,0
2025-04-29 05:00:00,REC-43-00677,L,Seoul,13.64,11835.0,922.0,1,0.195,0
2025-04-29 06:00:00,REC-43-00678,L,Seoul,12.78,22661.0,332.0,1,1.622,0
2025-04-29 07:00:00,REC-43-00679,L,Seoul,8.71,46064.0,163.0,0,-0.572,0
2025-04-29 08:00:00,REC-43-00680,M,Daejeon,10.77,12494.0,464.0,3,0.488,0
2025-04-29 09:00:00,REC-43-00681,M,Seoul,8.3,19175.0,105.0,1,1.562,0
2025-04-29 10:00:00,REC-43-00682,H,Seoul,17.8,42638.0,296.0,1,0.183,0
2025-04-29 11:00:00,REC-43-00683,L,Daejeon,13.69,25675.0,844.0,3,-0.407,1
2025-04-29 12:00:00,REC-43-00684,L,Daejeon,8.77,29036.0,434.0,1,1.374,0
2025-04-29 13:00:00,REC-43-00685,H,Seoul,12.0,15728.0,779.0,2,1.076,0
2025-04-29 14:00:00,REC-43-00686,M,Seoul,16.78,31926.0,348.0,1,0.818,0
2025-04-29 15:00:00,REC-43-00687,L,Seoul,12.94,32156.0,1259.0,0,0.222,0
2025-04-29 16:00:00,REC-43-00688,M,Busan,12.06,40469.0,1178.0,2,-0.435,0
2025-04-29 17:00:00,REC-43-00689,L,Busan,13.0,40224.0,689.0,2,0.769,0
2025-04-29 18:00:00,REC-43-00690,L,Seoul,8.66,27004.0,587.0,1,-0.577,0
2025-04-29 19:00:00,REC-43-00691,L,Busan,13.66,37114.0,300.0,2,-0.229,1
2025-04-29 20:00:00,REC-43-00692,L,Daejeon,8.01,16575.0,129.0,0,0.207,0
2025-04-29 21:00:00,REC-43-00693,L,Seoul,13.2,23254.0,127.0,1,0.03,0
2025-04-29 22:00:00,REC-43-00694,M,Seoul,16.58,38054.0,682.0,2,-0.282,0
2025-04-29 23:00:00,REC-43-00695,M,Seoul,11.55,12972.0,670.0,0,-0.95,0
2025-04-30 00:00:00,REC-43-00696,M,Seoul,13.89,16620.0,565.0,1,0.074,0
2025-04-30 01:00:00,REC-43-00697,L,Seoul,9.92,21172.0,497.0,1,0.355,1
2025-04-30 02:00:00,REC-43-00698,M,Busan,13.24,35446.0,614.0,1,-1.09,1
2025-04-30 03:00:00,REC-43-00699,L,Seoul,8.8,33629.0,151.0,2,0.27,0
