timestamp,record_id,product_type,region,usage_frequency,transaction_amount,account_age_days,support_tickets,signal_score,service_tier
2025-04-01 00:00:00,REC-143-00000,L,Seoul,11.67,19239.0,476.0,1,0.523,Plus
2025-04-01 01:00:00,REC-143-00001,H,Busan,5.1,29846.0,447.0,2,-1.327,Plus
2025-04-01 02:00:00,REC-143-00002,M,Seoul,12.84,27233.0,116.0,1,0.606,Basic
2025-04-01 03:00:00,REC-143-00003,M,Seoul,12.54,33717.0,193.0,0,0.445,Premium
2025-04-01 04:00:00,REC-143-00004,M,Seoul,5.34,22255.0,881.0,2,-0.682,Premium
2025-04-01 05:00:00,REC-143-00005,H,Daejeon,11.11,12380.0,88.0,2,1.065,Premium
2025-04-01 06:00:00,REC-143-00006,L,Seoul,10.54,17300.0,1736.0,1,-0.236,Premium
2025-04-01 07:00:00,REC-143-00007,L,Busan,9.56,26432.0,1568.0,3,1.61,Basic
2025-04-01 08:00:00,REC-143-00008,L,Seoul,12.58,22604.0,186.0,2,1.388,Plus
2025-04-01 09:00:00,REC-143-00009,L,Seoul,4.82,35968.0,358.0,0,-0.864,Plus
2025-04-01 10:00:00,REC-143-00010,L,Busan,8.28,30468.0,214.0,0,-0.979,Plus
2025-04-01 11:00:00,REC-143-00011,M,Busan,10.02,16659.0,309.0,1,-0.538,Premium
2025-04-01 12:00:00,REC-143-00012,L,Busan,9.8,26831.0,408.0,1,0.349,Plus
2025-04-01 13:00:00,REC-143-00013,M,Busan,9.32,35069.0,1236.0,2,0.761,Basic
2025-04-01 14:00:00,REC-143-00014,M,Busan,8.64,8700.0,389.0,1,-0.095,Premium
2025-04-01 15:00:00,REC-143-00015,H,Seoul,11.94,30591.0,341.0,2,0.594,Plus
2025-04-01 16:00:00,REC-143-00016,M,Busan,10.34,22241.0,634.0,0,0.816,Premium
2025-04-01 17:00:00,REC-143-00017,M,Seoul,13.11,18075.0,799.0,3,-0.769,Plus
2025-04-01 18:00:00,REC-143-00018,L,Daejeon,9.94,33509.0,991.0,1,2.273,Premium
2025-04-01 19:00:00,REC-143-00019,L,Seoul,11.44,15536.0,217.0,0,0.655,Basic
2025-04-01 20:00:00,REC-143-00020,M,Seoul,14.63,22547.0,1076.0,2,1.687,Basic
2025-04-01 21:00:00,REC-143-00021,M,Busan,4.82,25059.0,560.0,0,-0.339,Plus
2025-04-01 22:00:00,REC-143-00022,M,Seoul,17.7,17462.0,895.0,1,-0.906,Premium
2025-04-01 23:00:00,REC-143-00023,L,Busan,12.36,20209.0,197.0,3,-0.987,Plus
2025-04-02 00:00:00,REC-143-00024,L,Busan,15.97,31621.0,401.0,1,-0.589,Plus
2025-04-02 01:00:00,REC-143-00025,M,Seoul,14.91,16841.0,596.0,1,-1.319,Premium
2025-04-02 02:00:00,REC-143-00026,H,Seoul,10.79,31764.0,1763.0,1,-0.272,Plus
2025-04-02 03:00:00,REC-143-00027,L,Seoul,12.78,66235.0,494.0,1,1.46,Plus
2025-04-02 04:00:00,REC-143-00028,M,Busan,8.77,21518.0,768.0,0,0.712,Plus
2025-04-02 05:00:00,REC-143-00029,H,Seoul,8.68,30174.0,298.0,1,-0.226,Plus
2025-04-02 06:00:00,REC-143-00030,L,Busan,12.52,35282.0,605.0,1,-0.21,Plus
2025-04-02 07:00:00,REC-143-00031,M,Busan,14.28,24803.0,296.0,2,-1.362,Premium
2025-04-02 08:00:00,REC-143-00032,L,Daejeon,16.41,36977.0,218.0,1,1.501,Plus
2025-04-02 09:00:00,REC-143-00033,L,Daejeon,15.3,24322.0,821.0,0,0.868,Plus
2025-04-02 10:00:00,REC-143-00034,H,Seoul,12.56,35447.0,1119.0,1,-0.362,Premium
2025-04-02 11:00:00,REC-143-00035,L,Busan,13.79,35607.0,381.0,0,0.093,Plus
2025-04-02 12:00:00,REC-143-00036,M,Daejeon,10.29,17927.0,504.0,1,0.651,Basic
2025-04-02 13:00:00,REC-143-00037,L,Daejeon,15.82,58822.0,674.0,0,-0.278,Plus
2025-04-02 14:00:00,REC-143-00038,H,Seoul,12.23,21349.0,303.0,0,0.972,Premium
2025-04-02 15:00:00,REC-143-00039,M,Busan,11.94,17527.0,730.0,1,-0.094,Plus
2025-04-02 16:00:00,REC-143-00040,H,Busan,9.48,64282.0,208.0,3,0.925,Plus
2025-04-02 17:00:00,REC-143-00041,L,Seoul,9.16,10945.0,585.0,1,-1.54,Premium
2025-04-02 18:00:00,REC-143-00042,L,Seoul,15.99,57324.0,194.0,0,1.51,Plus
2025-04-02 19:00:00,REC-143-00043,L,Busan,14.62,18413.0,1299.0,3,0.451,Premium
2025-04-02 20:00:00,REC-143-00044,M,Seoul,14.94,19799.0,346.0,1,1.741,Premium
2025-04-02 21:00:00,REC-143-00045,M,Busan,10.1,35795.0,370.0,1,-0.584,Plus
2025-04-02 22:00:00,REC-143-00046,M,Busan,5.13,59978.0,647.0,2,-0.496,Plus
2025-04-02 23:00:00,REC-143-00047,L,Seoul,9.84,47792.0,659.0,2,0.441,Plus
2025-04-03 00:00:00,REC-143-00048,M,Seoul,12.32,23229.0,461.0,1,0.909,Premium
2025-04-03 01:00:00,REC-143-00049,L,Seoul,10.37,23702.0,185.0,2,-1.521,Plus
2025-04-03 02:00:00,REC-143-00050,L,Busan,13.92,24333.0,668.0,0,1.644,Premium
2025-04-03 03:00:00,REC-143-00051,L,Busan,15.37,63668.0,377.0,1,-0.131,Plus
2025-04-03 04:00:00,REC-143-00052,L,Seoul,11.05,20871.0,584.0,2,0.843,Plus
2025-04-03 05:00:00,REC-143-00053,L,Daejeon,14.04,27365.0,393.0,1,-0.26,Plus
2025-04-03 06:00:00,REC-143-00054,L,Busan,9.57,13754.0,529.0,0,1.037,Plus
2025-04-03 07:00:00,REC-143-00055,L,Seoul,10.92,30642.0,688.0,0,0.699,Basic
2025-04-03 08:00:00,REC-143-00056,H,Daejeon,6.57,23590.0,611.0,2,1.857,Basic
2025-04-03 09:00:00,REC-143-00057,H,Daejeon,8.74,37317.0,316.0,0,-0.278,Plus
2025-04-03 10:00:00,REC-143-00058,H,Seoul,20.51,30737.0,394.0,1,0.117,Premium
2025-04-03 11:00:00,REC-143-00059,M,Seoul,15.87,43230.0,329.0,1,-0.231,Plus
2025-04-03 12:00:00,REC-143-00060,H,Busan,13.33,34309.0,447.0,0,0.676,Plus
2025-04-03 13:00:00,REC-143-00061,H,Daejeon,11.18,48904.0,623.0,2,0.523,Plus
2025-04-03 14:00:00,REC-143-00062,L,Daejeon,10.19,30037.0,254.0,3,0.647,Plus
2025-04-03 15:00:00,REC-143-00063,H,Daejeon,9.33,37514.0,693.0,1,-1.316,Plus
2025-04-03 16:00:00,REC-143-00064,L,Seoul,13.16,59758.0,211.0,2,-0.152,Plus
2025-04-03 17:00:00,REC-143-00065,L,Busan,13.24,18039.0,314.0,2,-0.239,Premium
2025-04-03 18:00:00,REC-143-00066,L,Busan,12.18,31780.0,265.0,1,-1.307,Plus
2025-04-03 19:00:00,REC-143-00067,L,Busan,10.1,27715.0,718.0,1,-0.031,Plus
2025-04-03 20:00:00,REC-143-00068,H,Seoul,7.19,46951.0,482.0,2,-0.448,Premium
2025-04-03 21:00:00,REC-143-00069,L,Daejeon,15.73,14246.0,787.0,0,0.061,Plus
2025-04-03 22:00:00,REC-143-00070,L,Seoul,13.13,14671.0,319.0,2,0.065,Premium
2025-04-03 23:00:00,REC-143-00071,L,Daejeon,10.09,44419.0,334.0,1,0.058,Plus
2025-04-04 00:00:00,REC-143-00072,M,Seoul,16.16,24489.0,652.0,0,1.277,Premium
2025-04-04 01:00:00,REC-143-00073,M,Seoul,9.22,14417.0,897.0,0,-0.441,Premium
2025-04-04 02:00:00,REC-143-00074,L,Seoul,11.92,34772.0,552.0,1,-0.585,Plus
2025-04-04 03:00:00,REC-143-00075,M,Busan,5.92,31317.0,387.0,3,1.375,Basic
2025-04-04 04:00:00,REC-143-00076,M,Busan,11.5,31600.0,417.0,1,-1.127,Plus
2025-04-04 05:00:00,REC-143-00077,L,Seoul,11.81,21380.0,451.0,0,-0.251,Plus
2025-04-04 06:00:00,REC-143-00078,M,Daejeon,9.41,18410.0,360.0,3,0.181,Premium
2025-04-04 07:00:00,REC-143-00079,M,Seoul,15.52,31758.0,1075.0,0,-1.138,Premium
2025-04-04 08:00:00,REC-143-00080,M,Seoul,20.53,16398.0,268.0,1,0.306,Premium
2025-04-04 09:00:00,REC-143-00081,L,Daejeon,12.07,21355.0,979.0,0,-0.295,Premium
2025-04-04 10:00:00,REC-143-00082,M,Seoul,9.58,30762.0,706.0,0,-0.217,Plus
2025-04-04 11:00:00,REC-143-00083,L,Seoul,13.89,55527.0,288.0,2,-0.425,Plus
2025-04-04 12:00:00,REC-143-00084,L,Seoul,8.78,22550.0,532.0,4,-1.416,Plus
2025-04-04 13:00:00,REC-143-00085,L,Seoul,9.79,10108.0,1017.0,1,0.736,Plus
2025-04-04 14:00:00,REC-143-00086,L,Busan,15.89,67492.0,101.0,1,-1.693,Plus
2025-04-04 15:00:00,REC-143-00087,H,Daejeon,9.08,22669.0,811.0,5,1.721,Basic
2025-04-04 16:00:00,REC-143-00088,M,Seoul,9.67,32535.0,821.0,0,-0.877,Plus
2025-04-04 17:00:00,REC-143-00089,L,Seoul,12.69,22710.0,458.0,1,-0.913,Plus
2025-04-04 18:00:00,REC-143-00090,L,Busan,11.82,15498.0,1179.0,2,0.496,Premium
2025-04-04 19:00:00,REC-143-00091,H,Busan,9.84,39254.0,719.0,0,-0.359,Plus
2025-04-04 20:00:00,REC-143-00092,M,Seoul,12.78,33823.0,331.0,1,-0.067,Plus
2025-04-04 21:00:00,REC-143-00093,M,Seoul,13.38,22472.0,253.0,2,1.729,Plus
2025-04-04 22:00:00,REC-143-00094,L,Daejeon,15.62,33298.0,394.0,0,1.49,Plus
2025-04-04 23:00:00,REC-143-00095,H,Seoul,13.37,24105.0,546.0,4,-0.281,Plus
2025-04-05 00:00:00,REC-143-00096,H,Daejeon,10.35,45498.0,266.0,0,-0.358,Premium
2025-04-05 01:00:00,REC-143-00097,L,Busan,15.33,25860.0,337.0,0,1.01,Plus
2025-04-05 02:00:00,REC-143-00098,L,Seoul,12.15,42906.0,522.0,1,0.439,Premium
2025-04-05 03:00:00,REC-143-00099,L,Seoul,14.03,42714.0,469.0,0,-0.675,Premium
2025-04-05 04:00:00,REC-143-00100,M,Daejeon,15.61,18107.0,261.0,2,-0.779,Premium
2025-04-05 05:00:00,REC-143-00101,L,Busan,14.55,54186.0,234.0,2,1.282,Plus
2025-04-05 06:00:00,REC-143-00102,L,Daejeon,10.68,35636.0,1114.0,1,0.592,Basic
2025-04-05 07:00:00,REC-143-00103,M,Busan,14.53,83152.0,466.0,3,1.217,Plus
2025-04-05 08:00:00,REC-143-00104,M,Seoul,11.84,28471.0,369.0,2,0.392,Plus
2025-04-05 09:00:00,REC-143-00105,M,Busan,15.86,32053.0,114.0,1,0.412,Premium
2025-04-05 10:00:00,REC-143-00106,M,Busan,10.78,33479.0,428.0,1,0.258,Plus
2025-04-05 11:00:00,REC-143-00107,H,Busan,13.29,12434.0,1043.0,1,2.647,Premium
2025-04-05 12:00:00,REC-143-00108,L,Busan,11.78,30811.0,481.0,1,0.261,Plus
2025-04-05 13:00:00,REC-143-00109,H,Seoul,8.38,45502.0,438.0,4,-0.597,Plus
2025-04-05 14:00:00,REC-143-00110,L,Daejeon,11.05,17445.0,413.0,3,-1.29,Premium
2025-04-05 15:00:00,REC-143-00111,M,Seoul,15.73,32436.0,159.0,0,-1.223,Plus
2025-04-05 16:00:00,REC-143-00112,L,Seoul,11.34,43357.0,387.0,1,0.083,Plus
2025-04-05 17:00:00,REC-143-00113,M,Busan,10.77,13301.0,1182.0,1,0.631,Premium
2025-04-05 18:00:00,REC-143-00114,H,Busan,13.79,41191.0,421.0,1,0.971,Plus
2025-04-05 19:00:00,REC-143-00115,L,Seoul,13.66,22134.0,1158.0,2,1.311,Premium
2025-04-05 20:00:00,REC-143-00116,L,Busan,12.66,21562.0,581.0,1,-0.796,Premium
2025-04-05 21:00:00,REC-143-00117,M,Seoul,18.17,29430.0,797.0,0,1.455,Premium
2025-04-05 22:00:00,REC-143-00118,L,Daejeon,11.43,20181.0,232.0,1,-0.044,Plus
2025-04-05 23:00:00,REC-143-00119,M,Daejeon,8.71,29285.0,915.0,0,0.732,Plus
2025-04-06 00:00:00,REC-143-00120,L,Seoul,12.15,26695.0,275.0,0,-0.561,Premium
2025-04-06 01:00:00,REC-143-00121,L,Daejeon,11.31,28000.0,1178.0,2,-0.375,Plus
2025-04-06 02:00:00,REC-143-00122,M,Daejeon,8.15,11392.0,526.0,1,1.251,Premium
2025-04-06 03:00:00,REC-143-00123,L,Seoul,12.76,17107.0,94.0,1,0.129,Plus
2025-04-06 04:00:00,REC-143-00124,M,Daejeon,9.6,12576.0,226.0,0,0.032,Plus
2025-04-06 05:00:00,REC-143-00125,L,Seoul,11.97,9016.0,1765.0,0,-0.509,Plus
2025-04-06 06:00:00,REC-143-00126,H,Daejeon,9.51,17800.0,322.0,1,0.575,Plus
2025-04-06 07:00:00,REC-143-00127,L,Seoul,11.23,24363.0,240.0,1,-0.632,Premium
2025-04-06 08:00:00,REC-143-00128,M,Daejeon,5.89,23466.0,240.0,2,2.027,Basic
2025-04-06 09:00:00,REC-143-00129,M,Seoul,7.78,30330.0,346.0,0,-2.077,Plus
2025-04-06 10:00:00,REC-143-00130,L,Seoul,13.54,18877.0,1155.0,2,0.129,Premium
2025-04-06 11:00:00,REC-143-00131,M,Seoul,11.17,38257.0,498.0,3,0.779,Premium
2025-04-06 12:00:00,REC-143-00132,M,Seoul,11.19,26448.0,312.0,0,0.468,Premium
2025-04-06 13:00:00,REC-143-00133,L,Busan,11.77,24642.0,800.0,1,-1.419,Plus
2025-04-06 14:00:00,REC-143-00134,M,Busan,16.31,23290.0,220.0,1,1.032,Premium
2025-04-06 15:00:00,REC-143-00135,L,Seoul,5.23,23390.0,993.0,1,-0.633,Plus
2025-04-06 16:00:00,REC-143-00136,L,Seoul,13.6,51972.0,449.0,4,-0.666,Plus
2025-04-06 17:00:00,REC-143-00137,L,Seoul,10.25,65034.0,232.0,3,0.998,Plus
2025-04-06 18:00:00,REC-143-00138,L,Seoul,5.33,33858.0,584.0,2,0.125,Plus
2025-04-06 19:00:00,REC-143-00139,M,Seoul,16.12,14380.0,474.0,2,0.837,Premium
2025-04-06 20:00:00,REC-143-00140,M,Seoul,5.18,45850.0,591.0,1,0.712,Basic
2025-04-06 21:00:00,REC-143-00141,M,Busan,16.05,18235.0,221.0,0,1.074,Premium
2025-04-06 22:00:00,REC-143-00142,L,Seoul,13.4,23403.0,289.0,1,0.413,Plus
2025-04-06 23:00:00,REC-143-00143,L,Seoul,16.43,22055.0,915.0,1,1.641,Basic
2025-04-07 00:00:00,REC-143-00144,L,Seoul,15.89,44734.0,95.0,1,-0.332,Plus
2025-04-07 01:00:00,REC-143-00145,L,Seoul,12.44,26139.0,643.0,2,-0.537,Plus
2025-04-07 02:00:00,REC-143-00146,L,Daejeon,12.71,27487.0,195.0,2,0.428,Premium
2025-04-07 03:00:00,REC-143-00147,L,Busan,15.9,27127.0,442.0,2,0.999,Premium
2025-04-07 04:00:00,REC-143-00148,L,Seoul,9.24,37779.0,309.0,2,-0.468,Plus
2025-04-07 05:00:00,REC-143-00149,M,Daejeon,12.09,31535.0,530.0,2,1.74,Plus
2025-04-07 06:00:00,REC-143-00150,L,Seoul,13.28,25545.0,267.0,0,1.911,Basic
2025-04-07 07:00:00,REC-143-00151,M,Daejeon,15.58,21529.0,462.0,5,-0.179,Premium
2025-04-07 08:00:00,REC-143-00152,L,Seoul,11.68,22841.0,444.0,1,0.115,Plus
2025-04-07 09:00:00,REC-143-00153,L,Seoul,11.37,27482.0,283.0,2,-0.278,Premium
2025-04-07 10:00:00,REC-143-00154,M,Daejeon,8.28,44566.0,794.0,1,-0.649,Plus
2025-04-07 11:00:00,REC-143-00155,L,Daejeon,10.99,26419.0,436.0,0,1.26,Plus
2025-04-07 12:00:00,REC-143-00156,M,Daejeon,13.08,32920.0,435.0,4,-0.595,Plus
2025-04-07 13:00:00,REC-143-00157,H,Seoul,16.38,14374.0,228.0,2,1.051,Premium
2025-04-07 14:00:00,REC-143-00158,M,Busan,16.15,25570.0,478.0,2,1.85,Premium
2025-04-07 15:00:00,REC-143-00159,H,Seoul,14.0,34825.0,1345.0,2,0.428,Plus
2025-04-07 16:00:00,REC-143-00160,H,Seoul,13.46,27357.0,657.0,3,1.0,Premium
2025-04-07 17:00:00,REC-143-00161,L,Busan,11.9,15976.0,647.0,4,1.196,Basic
2025-04-07 18:00:00,REC-143-00162,H,Busan,19.76,49359.0,143.0,4,-0.149,Premium
2025-04-07 19:00:00,REC-143-00163,M,Seoul,14.96,22965.0,481.0,2,0.134,Plus
2025-04-07 20:00:00,REC-143-00164,M,Daejeon,14.35,27300.0,280.0,2,0.53,Premium
2025-04-07 21:00:00,REC-143-00165,L,Seoul,17.26,19713.0,1758.0,1,1.699,Basic
2025-04-07 22:00:00,REC-143-00166,L,Seoul,10.39,16071.0,434.0,1,0.494,Basic
2025-04-07 23:00:00,REC-143-00167,L,Seoul,10.34,30759.0,390.0,0,0.177,Plus
2025-04-08 00:00:00,REC-143-00168,L,Seoul,7.79,18280.0,1229.0,0,0.879,Plus
2025-04-08 01:00:00,REC-143-00169,M,Seoul,16.0,34817.0,477.0,1,3.374,Basic
2025-04-08 02:00:00,REC-143-00170,M,Seoul,13.3,15521.0,923.0,0,2.298,Basic
2025-04-08 03:00:00,REC-143-00171,M,Seoul,12.36,16906.0,1209.0,1,0.187,Premium
2025-04-08 04:00:00,REC-143-00172,L,Seoul,14.63,40332.0,527.0,4,1.816,Plus
2025-04-08 05:00:00,REC-143-00173,M,Busan,12.59,43527.0,489.0,1,-0.385,Premium
2025-04-08 06:00:00,REC-143-00174,L,Seoul,9.51,37150.0,284.0,3,0.518,Premium
2025-04-08 07:00:00,REC-143-00175,M,Daejeon,13.96,37320.0,691.0,1,-0.017,Plus
2025-04-08 08:00:00,REC-143-00176,M,Seoul,17.5,23486.0,819.0,2,0.587,Premium
2025-04-08 09:00:00,REC-143-00177,H,Busan,15.87,15887.0,1315.0,3,-0.96,Plus
2025-04-08 10:00:00,REC-143-00178,M,Seoul,16.99,35787.0,380.0,1,-1.047,Plus
2025-04-08 11:00:00,REC-143-00179,H,Seoul,12.03,41305.0,479.0,0,-0.888,Plus
2025-04-08 12:00:00,REC-143-00180,M,Daejeon,14.17,30112.0,644.0,1,1.499,Basic
2025-04-08 13:00:00,REC-143-00181,M,Seoul,11.48,44941.0,1555.0,1,-0.277,Plus
2025-04-08 14:00:00,REC-143-00182,L,Seoul,15.27,31794.0,439.0,0,1.573,Basic
2025-04-08 15:00:00,REC-143-00183,L,Seoul,12.33,40128.0,533.0,0,-0.157,Plus
2025-04-08 16:00:00,REC-143-00184,L,Busan,13.22,40472.0,973.0,1,-0.371,Plus
2025-04-08 17:00:00,REC-143-00185,H,Busan,16.56,27522.0,416.0,2,-0.168,Plus
2025-04-08 18:00:00,REC-143-00186,L,Busan,12.26,24677.0,385.0,4,-0.394,Premium
2025-04-08 19:00:00,REC-143-00187,L,Daejeon,13.23,17856.0,384.0,1,-0.647,Plus
2025-04-08 20:00:00,REC-143-00188,M,Seoul,12.87,43116.0,507.0,0,-0.156,Plus
2025-04-08 21:00:00,REC-143-00189,H,Seoul,11.14,29965.0,393.0,1,0.13,Plus
2025-04-08 22:00:00,REC-143-00190,L,Seoul,8.48,42351.0,716.0,3,1.061,Plus
2025-04-08 23:00:00,REC-143-00191,L,Daejeon,14.71,36921.0,822.0,4,1.123,Plus
2025-04-09 00:00:00,REC-143-00192,M,Seoul,6.34,28454.0,822.0,2,0.753,Premium
2025-04-09 01:00:00,REC-143-00193,M,Seoul,12.55,42970.0,622.0,1,0.045,Plus
2025-04-09 02:00:00,REC-143-00194,L,Seoul,12.7,27309.0,543.0,0,-2.468,Plus
2025-04-09 03:00:00,REC-143-00195,H,Daejeon,14.4,23270.0,638.0,1,1.475,Premium
2025-04-09 04:00:00,REC-143-00196,M,Daejeon,15.48,25226.0,184.0,0,-0.012,Premium
2025-04-09 05:00:00,REC-143-00197,M,Busan,10.16,33795.0,320.0,1,0.897,Plus
2025-04-09 06:00:00,REC-143-00198,H,Busan,15.6,38975.0,273.0,3,-0.408,Plus
2025-04-09 07:00:00,REC-143-00199,L,Seoul,10.19,31181.0,285.0,1,1.205,Plus
2025-04-09 08:00:00,REC-143-00200,M,Busan,13.84,16790.0,389.0,2,0.53,Premium
2025-04-09 09:00:00,REC-143-00201,H,Seoul,16.35,24305.0,727.0,1,2.044,Premium
2025-04-09 10:00:00,REC-143-00202,M,Busan,17.02,20889.0,148.0,2,-0.092,Premium
2025-04-09 11:00:00,REC-143-00203,H,Seoul,9.21,33902.0,246.0,1,-0.073,Plus
2025-04-09 12:00:00,REC-143-00204,M,Seoul,11.04,37287.0,703.0,2,-1.497,Plus
2025-04-09 13:00:00,REC-143-00205,L,Daejeon,8.76,39036.0,635.0,3,-0.319,Plus
2025-04-09 14:00:00,REC-143-00206,L,Seoul,15.13,22343.0,308.0,1,0.539,Premium
2025-04-09 15:00:00,REC-143-00207,L,Seoul,15.6,26073.0,634.0,1,-0.161,Plus
2025-04-09 16:00:00,REC-143-00208,H,Seoul,9.43,22735.0,811.0,0,0.702,Plus
2025-04-09 17:00:00,REC-143-00209,L,Busan,10.01,11410.0,1627.0,1,0.143,Plus
2025-04-09 18:00:00,REC-143-00210,L,Daejeon,6.63,27165.0,1368.0,1,0.407,Plus
2025-04-09 19:00:00,REC-143-00211,L,Busan,14.43,34116.0,769.0,2,1.576,Basic
2025-04-09 20:00:00,REC-143-00212,H,Seoul,16.86,21215.0,711.0,0,-1.029,Premium
2025-04-09 21:00:00,REC-143-00213,H,Busan,5.7,31720.0,281.0,0,-0.53,Plus
2025-04-09 22:00:00,REC-143-00214,L,Busan,13.75,28218.0,635.0,0,-0.518,Plus
2025-04-09 23:00:00,REC-143-00215,L,Seoul,15.81,39321.0,971.0,1,-0.237,Plus
2025-04-10 00:00:00,REC-143-00216,L,Seoul,10.19,61774.0,423.0,0,1.321,Plus
2025-04-10 01:00:00,REC-143-00217,M,Seoul,12.57,46916.0,398.0,3,0.984,Basic
2025-04-10 02:00:00,REC-143-00218,H,Seoul,19.28,30505.0,209.0,2,-2.38,Premium
2025-04-10 03:00:00,REC-143-00219,H,Seoul,13.18,12287.0,907.0,0,1.119,Premium
2025-04-10 04:00:00,REC-143-00220,L,Busan,11.67,23922.0,586.0,2,0.737,Premium
2025-04-10 05:00:00,REC-143-00221,L,Seoul,7.91,29537.0,693.0,0,0.377,Plus
2025-04-10 06:00:00,REC-143-00222,L,Seoul,8.18,29727.0,941.0,0,-0.932,Plus
2025-04-10 07:00:00,REC-143-00223,L,Busan,11.86,30824.0,672.0,1,-0.017,Premium
2025-04-10 08:00:00,REC-143-00224,L,Seoul,12.52,19069.0,506.0,4,0.047,Plus
2025-04-10 09:00:00,REC-143-00225,M,Seoul,14.16,26087.0,709.0,0,-0.773,Premium
2025-04-10 10:00:00,REC-143-00226,M,Seoul,9.55,25924.0,242.0,0,0.436,Plus
2025-04-10 11:00:00,REC-143-00227,L,Busan,14.43,56941.0,818.0,1,-0.264,Plus
2025-04-10 12:00:00,REC-143-00228,H,Busan,4.77,28858.0,476.0,0,1.029,Plus
2025-04-10 13:00:00,REC-143-00229,L,Seoul,9.19,38253.0,188.0,1,0.369,Plus
2025-04-10 14:00:00,REC-143-00230,H,Seoul,4.48,37073.0,132.0,1,-0.753,Plus
2025-04-10 15:00:00,REC-143-00231,M,Seoul,9.01,39913.0,1034.0,0,0.679,Plus
2025-04-10 16:00:00,REC-143-00232,L,Seoul,15.94,35836.0,503.0,1,0.241,Plus
2025-04-10 17:00:00,REC-143-00233,M,Seoul,8.39,23615.0,783.0,0,1.012,Premium
2025-04-10 18:00:00,REC-143-00234,L,Daejeon,9.98,29767.0,846.0,2,-2.162,Plus
2025-04-10 19:00:00,REC-143-00235,L,Busan,14.01,40617.0,769.0,3,1.671,Basic
2025-04-10 20:00:00,REC-143-00236,L,Seoul,12.38,24427.0,548.0,1,0.2,Plus
2025-04-10 21:00:00,REC-143-00237,H,Busan,7.88,15723.0,160.0,2,-0.078,Premium
2025-04-10 22:00:00,REC-143-00238,L,Seoul,8.32,43980.0,426.0,2,-2.293,Plus
2025-04-10 23:00:00,REC-143-00239,L,Seoul,15.69,21187.0,726.0,0,0.972,Premium
2025-04-11 00:00:00,REC-143-00240,M,Daejeon,11.98,28745.0,91.0,3,-0.279,Plus
2025-04-11 01:00:00,REC-143-00241,M,Busan,15.01,35149.0,537.0,3,1.797,Plus
2025-04-11 02:00:00,REC-143-00242,L,Seoul,9.7,23420.0,1117.0,1,-0.362,Plus
2025-04-11 03:00:00,REC-143-00243,L,Seoul,13.24,13781.0,687.0,1,1.638,Basic
2025-04-11 04:00:00,REC-143-00244,H,Daejeon,9.63,31175.0,769.0,0,0.387,Plus
2025-04-11 05:00:00,REC-143-00245,L,Seoul,13.31,54905.0,302.0,2,-1.147,Plus
2025-04-11 06:00:00,REC-143-00246,L,Seoul,11.38,23061.0,386.0,2,-1.739,Plus
2025-04-11 07:00:00,REC-143-00247,L,Busan,8.6,27589.0,568.0,0,0.364,Plus
2025-04-11 08:00:00,REC-143-00248,M,Busan,11.13,28141.0,432.0,0,0.75,Basic
2025-04-11 09:00:00,REC-143-00249,M,Busan,11.68,23609.0,1065.0,2,1.751,Premium
2025-04-11 10:00:00,REC-143-00250,H,Busan,11.97,44241.0,185.0,2,0.318,Plus
2025-04-11 11:00:00,REC-143-00251,H,Seoul,9.3,32748.0,368.0,1,0.951,Plus
2025-04-11 12:00:00,REC-143-00252,M,Daejeon,9.57,37129.0,831.0,1,0.59,Premium
2025-04-11 13:00:00,REC-143-00253,M,Seoul,9.42,37283.0,156.0,2,1.955,Basic
2025-04-11 14:00:00,REC-143-00254,L,Seoul,9.73,32958.0,453.0,1,-1.025,Premium
2025-04-11 15:00:00,REC-143-00255,L,Busan,11.17,54065.0,207.0,0,0.475,Plus
2025-04-11 16:00:00,REC-143-00256,L,Seoul,14.7,57939.0,401.0,1,-0.538,Plus
2025-04-11 17:00:00,REC-143-00257,L,Seoul,11.27,36043.0,246.0,3,0.36,Premium
2025-04-11 18:00:00,REC-143-00258,H,Busan,10.75,23273.0,260.0,3,-2.198,Premium
2025-04-11 19:00:00,REC-143-00259,L,Seoul,17.07,29828.0,709.0,2,1.333,Basic
2025-04-11 20:00:00,REC-143-00260,H,Seoul,8.35,30755.0,210.0,1,0.179,Plus
2025-04-11 21:00:00,REC-143-00261,L,Busan,9.12,15454.0,607.0,4,1.724,Plus
2025-04-11 22:00:00,REC-143-00262,M,Busan,11.89,40970.0,143.0,3,0.982,Premium
2025-04-11 23:00:00,REC-143-00263,L,Busan,11.87,35732.0,1040.0,2,2.347,Plus
2025-04-12 00:00:00,REC-143-00264,L,Seoul,10.5,19361.0,711.0,5,0.037,Premium
2025-04-12 01:00:00,REC-143-00265,L,Busan,11.43,23274.0,449.0,1,-0.521,Plus
2025-04-12 02:00:00,REC-143-00266,H,Busan,9.92,31553.0,526.0,1,1.163,Plus
2025-04-12 03:00:00,REC-143-00267,L,Seoul,11.61,15462.0,325.0,0,0.687,Plus
2025-04-12 04:00:00,REC-143-00268,L,Seoul,16.78,25392.0,259.0,1,0.449,Plus
2025-04-12 05:00:00,REC-143-00269,L,Seoul,15.44,29694.0,476.0,3,0.693,Premium
2025-04-12 06:00:00,REC-143-00270,L,Seoul,12.75,38220.0,234.0,0,0.364,Plus
2025-04-12 07:00:00,REC-143-00271,M,Busan,11.97,14533.0,381.0,2,0.463,Premium
2025-04-12 08:00:00,REC-143-00272,M,Daejeon,16.57,12547.0,278.0,2,1.116,Premium
2025-04-12 09:00:00,REC-143-00273,M,Busan,14.16,35822.0,1777.0,3,1.513,Plus
2025-04-12 10:00:00,REC-143-00274,L,Daejeon,11.08,19917.0,733.0,2,1.079,Premium
2025-04-12 11:00:00,REC-143-00275,M,Busan,16.51,29651.0,720.0,0,-0.761,Premium
2025-04-12 12:00:00,REC-143-00276,L,Busan,8.79,21173.0,617.0,0,-2.239,Plus
2025-04-12 13:00:00,REC-143-00277,M,Busan,10.75,10177.0,391.0,5,-0.118,Plus
2025-04-12 14:00:00,REC-143-00278,L,Seoul,14.65,19168.0,570.0,2,-0.718,Premium
2025-04-12 15:00:00,REC-143-00279,M,Daejeon,7.44,15743.0,682.0,1,2.633,Basic
2025-04-12 16:00:00,REC-143-00280,H,Seoul,13.06,26985.0,151.0,0,0.908,Premium
2025-04-12 17:00:00,REC-143-00281,M,Seoul,13.78,48432.0,282.0,2,1.444,Basic
2025-04-12 18:00:00,REC-143-00282,L,Seoul,14.66,27846.0,430.0,2,-0.218,Plus
2025-04-12 19:00:00,REC-143-00283,M,Busan,14.61,11718.0,200.0,1,0.807,Premium
2025-04-12 20:00:00,REC-143-00284,H,Daejeon,8.32,33316.0,655.0,1,-0.946,Plus
2025-04-12 21:00:00,REC-143-00285,L,Daejeon,12.07,39941.0,187.0,1,1.093,Plus
2025-04-12 22:00:00,REC-143-00286,M,Seoul,9.56,30179.0,468.0,3,-0.468,Plus
2025-04-12 23:00:00,REC-143-00287,L,Seoul,7.18,19972.0,81.0,1,0.893,Basic
2025-04-13 00:00:00,REC-143-00288,M,Busan,12.48,19946.0,578.0,0,1.121,Premium
2025-04-13 01:00:00,REC-143-00289,L,Seoul,15.06,20630.0,705.0,4,2.361,Premium
2025-04-13 02:00:00,REC-143-00290,M,Daejeon,15.96,31622.0,840.0,1,-1.18,Plus
2025-04-13 03:00:00,REC-143-00291,L,Seoul,17.84,47846.0,964.0,4,1.145,Basic
2025-04-13 04:00:00,REC-143-00292,L,Busan,12.79,35423.0,908.0,0,0.354,Plus
2025-04-13 05:00:00,REC-143-00293,M,Seoul,12.81,19498.0,437.0,0,0.428,Plus
2025-04-13 06:00:00,REC-143-00294,M,Busan,9.44,30383.0,284.0,2,0.867,Premium
2025-04-13 07:00:00,REC-143-00295,M,Busan,12.56,33415.0,711.0,2,0.794,Plus
2025-04-13 08:00:00,REC-143-00296,M,Busan,11.69,23700.0,472.0,2,-0.547,Plus
2025-04-13 09:00:00,REC-143-00297,L,Busan,14.02,40916.0,356.0,4,0.76,Plus
2025-04-13 10:00:00,REC-143-00298,L,Seoul,12.32,26378.0,428.0,3,-0.717,Plus
2025-04-13 11:00:00,REC-143-00299,L,Seoul,14.55,31329.0,961.0,2,0.097,Plus
2025-04-13 12:00:00,REC-143-00300,H,Seoul,11.7,53245.0,477.0,2,0.01,Plus
2025-04-13 13:00:00,REC-143-00301,L,Seoul,10.21,21080.0,510.0,0,-0.438,Premium
2025-04-13 14:00:00,REC-143-00302,L,Seoul,13.27,43053.0,586.0,1,1.409,Premium
2025-04-13 15:00:00,REC-143-00303,H,Busan,16.67,17765.0,674.0,2,2.025,Basic
2025-04-13 16:00:00,REC-143-00304,L,Seoul,9.4,18566.0,193.0,3,-0.457,Premium
2025-04-13 17:00:00,REC-143-00305,H,Seoul,8.15,30426.0,309.0,2,-0.778,Plus
2025-04-13 18:00:00,REC-143-00306,M,Busan,9.26,22762.0,569.0,1,-1.424,Plus
2025-04-13 19:00:00,REC-143-00307,L,Seoul,10.96,38324.0,135.0,0,1.646,Premium
2025-04-13 20:00:00,REC-143-00308,H,Seoul,13.59,30849.0,473.0,1,2.12,Premium
2025-04-13 21:00:00,REC-143-00309,L,Seoul,13.16,40220.0,481.0,1,-1.101,Plus
2025-04-13 22:00:00,REC-143-00310,H,Seoul,11.75,39172.0,339.0,2,-1.403,Plus
2025-04-13 23:00:00,REC-143-00311,M,Seoul,12.03,40968.0,467.0,0,0.24,Premium
2025-04-14 00:00:00,REC-143-00312,L,Daejeon,12.78,22946.0,655.0,1,0.621,Premium
2025-04-14 01:00:00,REC-143-00313,M,Busan,12.5,38566.0,292.0,4,0.439,Premium
2025-04-14 02:00:00,REC-143-00314,L,Daejeon,6.55,39188.0,288.0,2,-0.337,Plus
2025-04-14 03:00:00,REC-143-00315,M,Seoul,11.85,37842.0,229.0,4,0.744,Plus
2025-04-14 04:00:00,REC-143-00316,L,Seoul,10.35,49293.0,174.0,0,-0.529,Plus
2025-04-14 05:00:00,REC-143-00317,L,Seoul,15.58,40077.0,857.0,2,0.145,Premium
2025-04-14 06:00:00,REC-143-00318,L,Seoul,12.39,20623.0,501.0,0,-1.275,Plus
2025-04-14 07:00:00,REC-143-00319,H,Busan,11.9,28204.0,232.0,2,1.922,Plus
2025-04-14 08:00:00,REC-143-00320,L,Seoul,9.61,17368.0,137.0,1,1.151,Premium
2025-04-14 09:00:00,REC-143-00321,M,Seoul,10.15,23925.0,344.0,2,0.375,Plus
2025-04-14 10:00:00,REC-143-00322,M,Busan,14.77,23313.0,148.0,1,0.399,Premium
2025-04-14 11:00:00,REC-143-00323,L,Busan,20.1,20506.0,840.0,2,-1.417,Premium
2025-04-14 12:00:00,REC-143-00324,H,Daejeon,16.26,10618.0,299.0,2,1.816,Premium
2025-04-14 13:00:00,REC-143-00325,M,Busan,13.23,19193.0,486.0,2,-1.165,Plus
2025-04-14 14:00:00,REC-143-00326,L,Daejeon,10.68,65486.0,470.0,3,0.641,Plus
2025-04-14 15:00:00,REC-143-00327,H,Seoul,11.17,30930.0,1356.0,2,0.514,Plus
2025-04-14 16:00:00,REC-143-00328,M,Daejeon,13.86,34326.0,296.0,1,-0.481,Plus
2025-04-14 17:00:00,REC-143-00329,L,Busan,11.01,26854.0,365.0,2,0.7,Plus
2025-04-14 18:00:00,REC-143-00330,M,Daejeon,14.94,21427.0,216.0,2,1.335,Premium
2025-04-14 19:00:00,REC-143-00331,L,Seoul,13.18,33049.0,393.0,1,-0.43,Plus
2025-04-14 20:00:00,REC-143-00332,L,Seoul,12.58,21747.0,738.0,1,1.175,Basic
2025-04-14 21:00:00,REC-143-00333,L,Busan,13.06,38926.0,907.0,1,-0.856,Plus
2025-04-14 22:00:00,REC-143-00334,M,Daejeon,14.18,15170.0,1279.0,0,-0.259,Premium
2025-04-14 23:00:00,REC-143-00335,H,Busan,10.55,24562.0,211.0,2,-0.472,Premium
2025-04-15 00:00:00,REC-143-00336,L,Seoul,12.52,27022.0,877.0,1,1.291,Plus
2025-04-15 01:00:00,REC-143-00337,L,Daejeon,8.77,29389.0,252.0,3,1.524,Premium
2025-04-15 02:00:00,REC-143-00338,H,Daejeon,13.94,14974.0,568.0,3,0.397,Premium
2025-04-15 03:00:00,REC-143-00339,L,Busan,15.01,25357.0,481.0,1,-2.327,Plus
2025-04-15 04:00:00,REC-143-00340,L,Daejeon,16.86,22001.0,322.0,1,0.243,Premium
2025-04-15 05:00:00,REC-143-00341,L,Busan,10.05,22078.0,442.0,3,-0.034,Plus
2025-04-15 06:00:00,REC-143-00342,L,Seoul,9.44,27126.0,786.0,2,0.621,Basic
2025-04-15 07:00:00,REC-143-00343,H,Busan,14.69,29540.0,452.0,0,-0.214,Plus
2025-04-15 08:00:00,REC-143-00344,L,Seoul,12.26,18227.0,279.0,1,1.261,Premium
2025-04-15 09:00:00,REC-143-00345,L,Seoul,12.21,24633.0,324.0,1,0.482,Premium
2025-04-15 10:00:00,REC-143-00346,L,Busan,11.45,29678.0,926.0,0,2.915,Basic
2025-04-15 11:00:00,REC-143-00347,L,Daejeon,15.51,30209.0,365.0,0,-0.067,Plus
2025-04-15 12:00:00,REC-143-00348,H,Seoul,9.38,22606.0,1049.0,0,0.321,Plus
2025-04-15 13:00:00,REC-143-00349,M,Seoul,8.04,22398.0,418.0,1,-1.599,Plus
2025-04-15 14:00:00,REC-143-00350,M,Seoul,12.66,43913.0,532.0,0,-0.02,Plus
2025-04-15 15:00:00,REC-143-00351,H,Busan,6.69,20505.0,227.0,2,0.494,Basic
2025-04-15 16:00:00,REC-143-00352,H,Seoul,13.74,63773.0,407.0,0,-0.048,Plus
2025-04-15 17:00:00,REC-143-00353,L,Seoul,9.81,30721.0,649.0,2,2.104,Basic
2025-04-15 18:00:00,REC-143-00354,H,Busan,14.3,20847.0,583.0,1,0.305,Premium
2025-04-15 19:00:00,REC-143-00355,L,Seoul,11.06,68555.0,1161.0,3,0.197,Plus
2025-04-15 20:00:00,REC-143-00356,H,Seoul,13.37,31998.0,148.0,2,0.506,Premium
2025-04-15 21:00:00,REC-143-00357,L,Seoul,14.54,22809.0,579.0,1,-1.54,Plus
2025-04-15 22:00:00,REC-143-00358,H,Daejeon,12.65,76649.0,655.0,1,0.742,Plus
2025-04-15 23:00:00,REC-143-00359,L,Seoul,9.38,26625.0,441.0,0,-1.374,Plus
2025-04-16 00:00:00,REC-143-00360,L,Daejeon,10.96,13721.0,94.0,1,1.058,Premium
2025-04-16 01:00:00,REC-143-00361,L,Seoul,14.16,45807.0,854.0,0,-1.917,Plus
2025-04-16 02:00:00,REC-143-00362,H,Busan,11.6,34996.0,455.0,1,-0.683,Plus
2025-04-16 03:00:00,REC-143-00363,L,Busan,12.63,53012.0,1032.0,2,0.745,Plus
2025-04-16 04:00:00,REC-143-00364,M,Daejeon,18.07,27399.0,836.0,0,0.266,Premium
2025-04-16 05:00:00,REC-143-00365,H,Seoul,17.68,21651.0,138.0,1,0.628,Plus
2025-04-16 06:00:00,REC-143-00366,L,Seoul,14.55,40809.0,321.0,0,1.04,Premium
2025-04-16 07:00:00,REC-143-00367,L,Seoul,14.96,35761.0,129.0,4,1.201,Plus
2025-04-16 08:00:00,REC-143-00368,L,Busan,10.14,28924.0,447.0,1,0.736,Basic
2025-04-16 09:00:00,REC-143-00369,L,Seoul,12.81,37786.0,221.0,2,0.095,Premium
2025-04-16 10:00:00,REC-143-00370,M,Seoul,12.76,50247.0,289.0,2,0.526,Basic
2025-04-16 11:00:00,REC-143-00371,L,Busan,10.03,35649.0,895.0,3,0.935,Premium
2025-04-16 12:00:00,REC-143-00372,M,Busan,11.48,22856.0,676.0,2,0.343,Plus
2025-04-16 13:00:00,REC-143-00373,H,Seoul,10.0,17445.0,375.0,0,-0.428,Plus
2025-04-16 14:00:00,REC-143-00374,H,Daejeon,9.27,24100.0,290.0,0,-0.542,Plus
2025-04-16 15:00:00,REC-143-00375,H,Seoul,14.91,35190.0,382.0,4,-0.422,Premium
2025-04-16 16:00:00,REC-143-00376,M,Seoul,10.3,48199.0,908.0,0,0.311,Plus
2025-04-16 17:00:00,REC-143-00377,H,Daejeon,8.24,17869.0,349.0,1,0.274,Plus
2025-04-16 18:00:00,REC-143-00378,L,Busan,8.8,22133.0,764.0,1,-1.06,Plus
2025-04-16 19:00:00,REC-143-00379,M,Seoul,11.19,31368.0,222.0,0,-0.953,Premium
2025-04-16 20:00:00,REC-143-00380,L,Seoul,9.72,24474.0,941.0,0,0.952,Premium
2025-04-16 21:00:00,REC-143-00381,H,Seoul,5.91,19010.0,296.0,0,0.587,Basic
2025-04-16 22:00:00,REC-143-00382,L,Daejeon,7.06,9729.0,638.0,3,-0.502,Plus
2025-04-16 23:00:00,REC-143-00383,H,Seoul,19.0,30277.0,792.0,4,-0.118,Premium
2025-04-17 00:00:00,REC-143-00384,M,Seoul,13.77,23427.0,415.0,0,1.668,Premium
2025-04-17 01:00:00,REC-143-00385,M,Busan,7.44,25496.0,729.0,0,-0.342,Plus
2025-04-17 02:00:00,REC-143-00386,M,Daejeon,12.72,39298.0,179.0,0,1.365,Basic
2025-04-17 03:00:00,REC-143-00387,M,Busan,13.38,37628.0,1035.0,2,-0.265,Plus
2025-04-17 04:00:00,REC-143-00388,L,Seoul,13.0,45147.0,281.0,0,-0.038,Premium
2025-04-17 05:00:00,REC-143-00389,H,Seoul,8.79,33949.0,387.0,3,0.706,Basic
2025-04-17 06:00:00,REC-143-00390,L,Daejeon,17.09,45792.0,1101.0,2,0.021,Premium
2025-04-17 07:00:00,REC-143-00391,L,Seoul,8.01,19802.0,1460.0,1,0.618,Premium
2025-04-17 08:00:00,REC-143-00392,L,Seoul,10.49,54084.0,267.0,2,0.714,Plus
2025-04-17 09:00:00,REC-143-00393,L,Busan,8.37,14061.0,631.0,1,0.789,Plus
2025-04-17 10:00:00,REC-143-00394,L,Seoul,11.95,48239.0,1218.0,5,-0.315,Plus
2025-04-17 11:00:00,REC-143-00395,L,Daejeon,12.78,38444.0,705.0,1,0.496,Basic
2025-04-17 12:00:00,REC-143-00396,L,Seoul,12.74,24386.0,475.0,0,-1.449,Plus
2025-04-17 13:00:00,REC-143-00397,M,Seoul,12.59,34354.0,191.0,1,-0.352,Plus
2025-04-17 14:00:00,REC-143-00398,L,Busan,16.52,28485.0,278.0,0,0.253,Plus
2025-04-17 15:00:00,REC-143-00399,M,Busan,18.75,25143.0,550.0,3,-0.073,Plus
2025-04-17 16:00:00,REC-143-00400,L,Seoul,13.77,45198.0,177.0,0,0.514,Plus
2025-04-17 17:00:00,REC-143-00401,M,Seoul,12.42,20534.0,358.0,0,-0.561,Premium
2025-04-17 18:00:00,REC-143-00402,L,Seoul,13.67,33261.0,782.0,1,1.644,Plus
2025-04-17 19:00:00,REC-143-00403,L,Busan,12.85,26839.0,444.0,1,-0.353,Plus
2025-04-17 20:00:00,REC-143-00404,L,Daejeon,15.61,26135.0,249.0,0,-0.259,Plus
2025-04-17 21:00:00,REC-143-00405,L,Busan,9.87,46368.0,533.0,0,0.773,Plus
2025-04-17 22:00:00,REC-143-00406,L,Busan,9.72,25333.0,273.0,1,-1.444,Plus
2025-04-17 23:00:00,REC-143-00407,L,Seoul,10.76,23292.0,64.0,2,-0.059,Premium
2025-04-18 00:00:00,REC-143-00408,M,Seoul,8.43,23354.0,882.0,1,-0.092,Plus
2025-04-18 01:00:00,REC-143-00409,L,Seoul,13.79,32923.0,607.0,2,0.199,Plus
2025-04-18 02:00:00,REC-143-00410,H,Daejeon,9.25,19659.0,648.0,0,-1.093,Plus
2025-04-18 03:00:00,REC-143-00411,L,Daejeon,5.93,35316.0,105.0,2,-0.537,Plus
2025-04-18 04:00:00,REC-143-00412,L,Seoul,15.03,20167.0,604.0,6,-1.809,Premium
2025-04-18 05:00:00,REC-143-00413,L,Seoul,8.96,8330.0,823.0,2,-1.101,Plus
2025-04-18 06:00:00,REC-143-00414,H,Daejeon,11.09,22053.0,364.0,1,-0.922,Plus
2025-04-18 07:00:00,REC-143-00415,H,Daejeon,8.03,29850.0,593.0,2,1.299,Plus
2025-04-18 08:00:00,REC-143-00416,H,Seoul,9.26,20902.0,396.0,0,0.732,Premium
2025-04-18 09:00:00,REC-143-00417,L,Busan,9.67,19556.0,1178.0,2,-0.723,Plus
2025-04-18 10:00:00,REC-143-00418,M,Seoul,10.28,32658.0,345.0,2,-0.333,Premium
2025-04-18 11:00:00,REC-143-00419,H,Seoul,8.6,26712.0,434.0,3,-0.017,Premium
2025-04-18 12:00:00,REC-143-00420,M,Seoul,15.88,68884.0,720.0,1,1.553,Plus
2025-04-18 13:00:00,REC-143-00421,L,Seoul,11.67,11507.0,1088.0,1,0.989,Basic
2025-04-18 14:00:00,REC-143-00422,L,Busan,11.98,44405.0,111.0,1,2.048,Basic
2025-04-18 15:00:00,REC-143-00423,M,Seoul,12.01,39786.0,247.0,0,0.185,Plus
2025-04-18 16:00:00,REC-143-00424,L,Busan,9.48,88115.0,1042.0,1,0.064,Plus
2025-04-18 17:00:00,REC-143-00425,L,Busan,14.03,38960.0,615.0,0,1.763,Premium
2025-04-18 18:00:00,REC-143-00426,L,Busan,12.32,47352.0,474.0,0,0.293,Plus
2025-04-18 19:00:00,REC-143-00427,L,Daejeon,14.2,23036.0,733.0,1,-0.049,Plus
2025-04-18 20:00:00,REC-143-00428,M,Seoul,9.34,22637.0,400.0,2,1.744,Basic
2025-04-18 21:00:00,REC-143-00429,L,Seoul,10.0,30934.0,436.0,1,1.1,Premium
2025-04-18 22:00:00,REC-143-00430,M,Seoul,7.45,51363.0,1148.0,1,0.511,Plus
2025-04-18 23:00:00,REC-143-00431,M,Seoul,14.83,27748.0,438.0,1,2.127,Basic
2025-04-19 00:00:00,REC-143-00432,L,Busan,14.83,50987.0,351.0,3,0.366,Plus
2025-04-19 01:00:00,REC-143-00433,L,Seoul,16.21,26239.0,412.0,1,-1.77,Plus
2025-04-19 02:00:00,REC-143-00434,L,Busan,12.58,18312.0,653.0,1,-0.259,Plus
2025-04-19 03:00:00,REC-143-00435,L,Seoul,10.77,43189.0,300.0,1,0.555,Plus
2025-04-19 04:00:00,REC-143-00436,L,Daejeon,17.97,23146.0,466.0,0,1.546,Premium
2025-04-19 05:00:00,REC-143-00437,H,Daejeon,13.35,25474.0,187.0,1,-0.369,Plus
2025-04-19 06:00:00,REC-143-00438,M,Busan,17.9,31560.0,886.0,3,0.807,Premium
2025-04-19 07:00:00,REC-143-00439,L,Seoul,9.6,23055.0,854.0,1,-0.966,Premium
2025-04-19 08:00:00,REC-143-00440,H,Seoul,14.15,27116.0,619.0,2,-0.022,Premium
2025-04-19 09:00:00,REC-143-00441,M,Busan,14.23,30978.0,771.0,0,1.027,Plus
2025-04-19 10:00:00,REC-143-00442,M,Seoul,10.9,40288.0,797.0,0,1.544,Basic
2025-04-19 11:00:00,REC-143-00443,L,Seoul,15.84,41040.0,863.0,1,0.36,Premium
2025-04-19 12:00:00,REC-143-00444,M,Daejeon,12.38,50836.0,407.0,3,3.039,Basic
2025-04-19 13:00:00,REC-143-00445,H,Daejeon,13.4,27398.0,423.0,1,0.035,Plus
2025-04-19 14:00:00,REC-143-00446,H,Seoul,8.74,15048.0,746.0,0,0.235,Premium
2025-04-19 15:00:00,REC-143-00447,L,Seoul,14.63,38937.0,683.0,1,-1.578,Premium
2025-04-19 16:00:00,REC-143-00448,M,Seoul,15.11,29962.0,198.0,1,0.521,Plus
2025-04-19 17:00:00,REC-143-00449,H,Seoul,12.28,16651.0,56.0,0,-0.631,Plus
2025-04-19 18:00:00,REC-143-00450,H,Daejeon,12.2,21415.0,358.0,1,0.16,Plus
2025-04-19 19:00:00,REC-143-00451,M,Busan,10.94,25770.0,594.0,0,1.064,Premium
2025-04-19 20:00:00,REC-143-00452,M,Seoul,12.7,23493.0,290.0,1,1.203,Basic
2025-04-19 21:00:00,REC-143-00453,L,Busan,15.68,27733.0,994.0,2,-1.282,Plus
2025-04-19 22:00:00,REC-143-00454,L,Seoul,12.68,36241.0,560.0,1,1.458,Premium
2025-04-19 23:00:00,REC-143-00455,H,Seoul,16.11,12599.0,394.0,1,0.683,Premium
2025-04-20 00:00:00,REC-143-00456,M,Daejeon,9.69,40725.0,607.0,2,0.217,Plus
2025-04-20 01:00:00,REC-143-00457,H,Seoul,11.57,44235.0,528.0,2,-1.163,Plus
2025-04-20 02:00:00,REC-143-00458,L,Busan,12.65,20411.0,1172.0,2,0.008,Premium
2025-04-20 03:00:00,REC-143-00459,H,Seoul,10.08,29352.0,436.0,3,-1.304,Plus
2025-04-20 04:00:00,REC-143-00460,L,Daejeon,14.86,21789.0,412.0,1,0.713,Premium
2025-04-20 05:00:00,REC-143-00461,L,Daejeon,9.79,58370.0,301.0,0,-0.098,Plus
2025-04-20 06:00:00,REC-143-00462,L,Busan,9.25,11181.0,336.0,1,-0.016,Plus
2025-04-20 07:00:00,REC-143-00463,L,Busan,5.98,32997.0,642.0,1,-0.453,Premium
2025-04-20 08:00:00,REC-143-00464,M,Seoul,17.26,24791.0,745.0,0,-0.727,Premium
2025-04-20 09:00:00,REC-143-00465,L,Seoul,12.85,17068.0,780.0,2,-0.358,Premium
2025-04-20 10:00:00,REC-143-00466,L,Seoul,13.22,20622.0,1081.0,1,1.002,Premium
2025-04-20 11:00:00,REC-143-00467,L,Seoul,11.52,18064.0,229.0,2,2.279,Basic
2025-04-20 12:00:00,REC-143-00468,H,Seoul,13.65,21866.0,625.0,1,0.567,Premium
2025-04-20 13:00:00,REC-143-00469,L,Seoul,13.72,30099.0,456.0,0,-0.605,Plus
2025-04-20 14:00:00,REC-143-00470,L,Seoul,14.4,45001.0,216.0,0,1.427,Plus
2025-04-20 15:00:00,REC-143-00471,L,Seoul,14.01,51234.0,239.0,1,-1.491,Plus
2025-04-20 16:00:00,REC-143-00472,L,Busan,12.87,17027.0,1509.0,0,0.317,Basic
2025-04-20 17:00:00,REC-143-00473,M,Busan,12.27,57965.0,697.0,3,-0.913,Plus
2025-04-20 18:00:00,REC-143-00474,L,Daejeon,11.72,21567.0,235.0,1,0.85,Premium
2025-04-20 19:00:00,REC-143-00475,L,Busan,14.17,47809.0,133.0,1,-0.071,Plus
2025-04-20 20:00:00,REC-143-00476,L,Seoul,7.57,35179.0,368.0,3,0.63,Premium
2025-04-20 21:00:00,REC-143-00477,M,Seoul,14.59,23001.0,338.0,3,1.602,Premium
2025-04-20 22:00:00,REC-143-00478,M,Daejeon,15.67,48946.0,641.0,0,-0.559,Plus
2025-04-20 23:00:00,REC-143-00479,M,Busan,11.36,28157.0,748.0,1,0.213,Premium
2025-04-21 00:00:00,REC-143-00480,H,Seoul,11.9,14114.0,262.0,3,1.259,Basic
2025-04-21 01:00:00,REC-143-00481,L,Busan,7.4,27888.0,695.0,0,0.643,Basic
2025-04-21 02:00:00,REC-143-00482,H,Seoul,6.49,37078.0,631.0,1,-0.741,Plus
2025-04-21 03:00:00,REC-143-00483,L,Busan,13.22,37760.0,551.0,1,2.608,Basic
2025-04-21 04:00:00,REC-143-00484,M,Seoul,15.12,28354.0,64.0,1,1.317,Plus
2025-04-21 05:00:00,REC-143-00485,M,Seoul,9.67,29879.0,117.0,1,-0.051,Plus
2025-04-21 06:00:00,REC-143-00486,M,Seoul,7.29,32626.0,1120.0,0,-0.556,Premium
2025-04-21 07:00:00,REC-143-00487,M,Seoul,17.91,17042.0,212.0,1,-0.876,Premium
2025-04-21 08:00:00,REC-143-00488,M,Seoul,10.13,12945.0,263.0,0,0.792,Premium
2025-04-21 09:00:00,REC-143-00489,L,Daejeon,12.87,40519.0,505.0,2,-2.753,Plus
2025-04-21 10:00:00,REC-143-00490,L,Busan,16.31,28492.0,390.0,0,0.416,Premium
2025-04-21 11:00:00,REC-143-00491,M,Busan,8.88,33555.0,337.0,0,2.147,Premium
2025-04-21 12:00:00,REC-143-00492,M,Daejeon,11.77,24477.0,1269.0,0,0.808,Premium
2025-04-21 13:00:00,REC-143-00493,H,Busan,13.14,22762.0,410.0,2,0.505,Premium
2025-04-21 14:00:00,REC-143-00494,M,Busan,12.72,31605.0,1184.0,1,-1.091,Plus
2025-04-21 15:00:00,REC-143-00495,M,Busan,14.81,24366.0,159.0,2,0.358,Premium
2025-04-21 16:00:00,REC-143-00496,M,Daejeon,11.3,25715.0,1104.0,2,0.371,Plus
2025-04-21 17:00:00,REC-143-00497,H,Busan,6.73,55823.0,258.0,1,1.842,Basic
2025-04-21 18:00:00,REC-143-00498,H,Seoul,10.22,28861.0,144.0,1,-0.267,Plus
2025-04-21 19:00:00,REC-143-00499,M,Busan,9.97,39671.0,191.0,0,-0.366,Plus
2025-04-21 20:00:00,REC-143-00500,L,Seoul,13.04,57795.0,565.0,2,-0.111,Plus
2025-04-21 21:00:00,REC-143-00501,M,Seoul,16.82,40439.0,674.0,0,0.888,Plus
2025-04-21 22:00:00,REC-143-00502,L,Busan,9.97,20065.0,578.0,2,0.916,Basic
2025-04-21 23:00:00,REC-143-00503,L,Daejeon,7.53,35742.0,212.0,1,0.132,Basic
2025-04-22 00:00:00,REC-143-00504,L,Daejeon,7.25,25456.0,718.0,0,-2.059,Plus
2025-04-22 01:00:00,REC-143-00505,M,Busan,19.96,14485.0,143.0,2,0.679,Premium
2025-04-22 02:00:00,REC-143-00506,M,Seoul,10.91,38947.0,620.0,0,0.742,Plus
2025-04-22 03:00:00,REC-143-00507,H,Busan,15.82,19853.0,565.0,1,-1.501,Plus
2025-04-22 04:00:00,REC-143-00508,M,Busan,12.73,45881.0,881.0,0,0.788,Plus
2025-04-22 05:00:00,REC-143-00509,L,Seoul,13.52,45382.0,901.0,3,-1.055,Plus
2025-04-22 06:00:00,REC-143-00510,L,Busan,16.29,30329.0,179.0,2,-0.317,Premium
2025-04-22 07:00:00,REC-143-00511,H,Busan,15.35,67237.0,245.0,1,2.728,Premium
2025-04-22 08:00:00,REC-143-00512,H,Daejeon,10.87,24496.0,296.0,0,-1.509,Plus
2025-04-22 09:00:00,REC-143-00513,L,Busan,10.83,11114.0,710.0,2,-0.375,Premium
2025-04-22 10:00:00,REC-143-00514,M,Busan,13.06,14898.0,261.0,1,-1.854,Premium
2025-04-22 11:00:00,REC-143-00515,L,Seoul,13.96,29666.0,457.0,2,-0.199,Premium
2025-04-22 12:00:00,REC-143-00516,L,Seoul,10.95,17897.0,651.0,1,-1.501,Plus
2025-04-22 13:00:00,REC-143-00517,L,Seoul,18.16,28773.0,857.0,1,-0.128,Premium
2025-04-22 14:00:00,REC-143-00518,L,Busan,8.14,50062.0,1081.0,0,-1.345,Plus
2025-04-22 15:00:00,REC-143-00519,H,Seoul,12.08,20227.0,645.0,4,0.714,Plus
2025-04-22 16:00:00,REC-143-00520,L,Seoul,13.9,22984.0,828.0,1,-0.066,Premium
2025-04-22 17:00:00,REC-143-00521,M,Seoul,5.64,21388.0,282.0,0,1.424,Premium
2025-04-22 18:00:00,REC-143-00522,H,Busan,12.27,20940.0,326.0,1,0.455,Premium
2025-04-22 19:00:00,REC-143-00523,M,Seoul,6.0,25001.0,867.0,0,0.531,Basic
2025-04-22 20:00:00,REC-143-00524,M,Busan,6.03,34549.0,1273.0,1,0.881,Plus
2025-04-22 21:00:00,REC-143-00525,L,Seoul,15.72,42086.0,766.0,0,0.83,Plus
2025-04-22 22:00:00,REC-143-00526,L,Seoul,13.31,23238.0,879.0,1,-0.903,Plus
2025-04-22 23:00:00,REC-143-00527,L,Busan,11.19,39116.0,427.0,4,-0.859,Plus
2025-04-23 00:00:00,REC-143-00528,M,Busan,10.6,51868.0,288.0,0,0.801,Plus
2025-04-23 01:00:00,REC-143-00529,L,Seoul,12.59,15072.0,1078.0,2,-0.433,Premium
2025-04-23 02:00:00,REC-143-00530,H,Seoul,15.74,43044.0,264.0,5,0.021,Premium
2025-04-23 03:00:00,REC-143-00531,H,Busan,7.19,30177.0,496.0,1,1.33,Premium
2025-04-23 04:00:00,REC-143-00532,L,Seoul,9.55,35612.0,506.0,1,-0.356,Plus
2025-04-23 05:00:00,REC-143-00533,L,Busan,10.58,25504.0,123.0,1,0.161,Plus
2025-04-23 06:00:00,REC-143-00534,M,Seoul,15.58,25468.0,263.0,0,0.993,Basic
2025-04-23 07:00:00,REC-143-00535,L,Seoul,10.05,20159.0,347.0,0,0.293,Basic
2025-04-23 08:00:00,REC-143-00536,M,Seoul,15.6,46184.0,426.0,3,1.448,Plus
2025-04-23 09:00:00,REC-143-00537,L,Busan,10.68,54276.0,829.0,4,0.773,Plus
2025-04-23 10:00:00,REC-143-00538,H,Seoul,13.99,40646.0,583.0,0,0.814,Plus
2025-04-23 11:00:00,REC-143-00539,L,Busan,7.75,47375.0,214.0,2,-0.239,Plus
2025-04-23 12:00:00,REC-143-00540,L,Seoul,14.18,91776.0,904.0,0,-0.093,Plus
2025-04-23 13:00:00,REC-143-00541,L,Seoul,14.26,49577.0,422.0,3,0.53,Plus
2025-04-23 14:00:00,REC-143-00542,L,Seoul,11.19,17304.0,712.0,1,1.154,Basic
2025-04-23 15:00:00,REC-143-00543,H,Daejeon,12.72,28095.0,722.0,1,0.077,Plus
2025-04-23 16:00:00,REC-143-00544,M,Seoul,11.52,37597.0,631.0,1,-1.063,Plus
2025-04-23 17:00:00,REC-143-00545,M,Daejeon,15.94,15266.0,590.0,0,-1.123,Plus
2025-04-23 18:00:00,REC-143-00546,M,Seoul,12.32,47111.0,1005.0,3,-0.414,Plus
2025-04-23 19:00:00,REC-143-00547,M,Busan,9.8,19045.0,367.0,1,0.276,Plus
2025-04-23 20:00:00,REC-143-00548,H,Seoul,12.63,17912.0,319.0,1,0.153,Premium
2025-04-23 21:00:00,REC-143-00549,H,Seoul,13.0,32443.0,674.0,0,0.493,Plus
2025-04-23 22:00:00,REC-143-00550,L,Seoul,9.8,18965.0,214.0,1,0.365,Premium
2025-04-23 23:00:00,REC-143-00551,M,Seoul,15.29,27357.0,146.0,0,0.561,Premium
2025-04-24 00:00:00,REC-143-00552,M,Seoul,12.95,15252.0,314.0,0,1.463,Premium
2025-04-24 01:00:00,REC-143-00553,M,Daejeon,6.42,38373.0,285.0,2,-1.361,Plus
2025-04-24 02:00:00,REC-143-00554,H,Seoul,10.52,74738.0,482.0,0,1.376,Basic
2025-04-24 03:00:00,REC-143-00555,M,Seoul,13.37,66552.0,351.0,2,0.918,Plus
2025-04-24 04:00:00,REC-143-00556,M,Busan,16.74,18935.0,173.0,3,1.582,Premium
2025-04-24 05:00:00,REC-143-00557,M,Busan,13.41,51098.0,258.0,1,0.406,Plus
2025-04-24 06:00:00,REC-143-00558,L,Seoul,11.57,30368.0,1131.0,1,0.369,Plus
2025-04-24 07:00:00,REC-143-00559,L,Daejeon,9.29,13355.0,564.0,2,-0.414,Plus
2025-04-24 08:00:00,REC-143-00560,L,Busan,12.28,24532.0,237.0,4,-0.015,Premium
2025-04-24 09:00:00,REC-143-00561,L,Seoul,15.68,35142.0,328.0,0,-0.4,Premium
2025-04-24 10:00:00,REC-143-00562,L,Seoul,10.03,32541.0,269.0,0,0.144,Plus
2025-04-24 11:00:00,REC-143-00563,H,Seoul,7.08,24869.0,69.0,0,0.346,Premium
2025-04-24 12:00:00,REC-143-00564,L,Seoul,6.58,28931.0,599.0,0,0.104,Premium
2025-04-24 13:00:00,REC-143-00565,H,Daejeon,5.8,32906.0,181.0,0,-0.339,Plus
2025-04-24 14:00:00,REC-143-00566,L,Seoul,11.61,37057.0,910.0,2,0.079,Premium
2025-04-24 15:00:00,REC-143-00567,L,Daejeon,13.91,60540.0,1295.0,0,0.074,Premium
2025-04-24 16:00:00,REC-143-00568,M,Seoul,9.33,13317.0,305.0,2,1.549,Basic
2025-04-24 17:00:00,REC-143-00569,L,Seoul,6.09,64253.0,400.0,2,0.593,Plus
2025-04-24 18:00:00,REC-143-00570,L,Busan,16.54,41788.0,642.0,1,1.842,Plus
2025-04-24 19:00:00,REC-143-00571,L,Busan,17.47,66724.0,747.0,1,-0.918,Plus
2025-04-24 20:00:00,REC-143-00572,H,Busan,7.85,44424.0,668.0,1,0.842,Plus
2025-04-24 21:00:00,REC-143-00573,L,Seoul,17.69,67926.0,996.0,4,0.649,Premium
2025-04-24 22:00:00,REC-143-00574,L,Seoul,8.06,23644.0,268.0,2,1.123,Plus
2025-04-24 23:00:00,REC-143-00575,L,Seoul,3.97,33803.0,467.0,0,0.136,Basic
2025-04-25 00:00:00,REC-143-00576,M,Busan,8.47,14595.0,489.0,3,0.883,Basic
2025-04-25 01:00:00,REC-143-00577,L,Seoul,17.3,29740.0,311.0,1,-0.348,Premium
2025-04-25 02:00:00,REC-143-00578,H,Seoul,13.68,26326.0,167.0,0,1.136,Plus
2025-04-25 03:00:00,REC-143-00579,M,Seoul,9.83,20739.0,773.0,0,0.427,Premium
2025-04-25 04:00:00,REC-143-00580,M,Seoul,16.69,40624.0,205.0,1,0.236,Premium
2025-04-25 05:00:00,REC-143-00581,L,Seoul,5.51,37793.0,184.0,2,0.505,Plus
2025-04-25 06:00:00,REC-143-00582,H,Busan,8.65,24411.0,128.0,0,-2.057,Premium
2025-04-25 07:00:00,REC-143-00583,M,Busan,10.17,81462.0,141.0,3,0.183,Plus
2025-04-25 08:00:00,REC-143-00584,L,Busan,11.17,38043.0,658.0,1,0.909,Plus
2025-04-25 09:00:00,REC-143-00585,M,Busan,17.07,68914.0,379.0,0,-1.296,Plus
2025-04-25 10:00:00,REC-143-00586,L,Seoul,8.93,28066.0,376.0,2,0.934,Basic
2025-04-25 11:00:00,REC-143-00587,M,Daejeon,7.72,23910.0,1053.0,1,-0.942,Plus
2025-04-25 12:00:00,REC-143-00588,M,Busan,13.91,19494.0,647.0,2,0.369,Premium
2025-04-25 13:00:00,REC-143-00589,L,Daejeon,12.93,15744.0,586.0,1,0.662,Premium
2025-04-25 14:00:00,REC-143-00590,H,Daejeon,11.97,21404.0,390.0,2,-0.373,Plus
2025-04-25 15:00:00,REC-143-00591,H,Busan,7.82,40804.0,1007.0,5,-0.064,Plus
2025-04-25 16:00:00,REC-143-00592,M,Busan,4.62,27705.0,900.0,1,-1.373,Plus
2025-04-25 17:00:00,REC-143-00593,H,Seoul,14.18,36134.0,363.0,1,0.339,Plus
2025-04-25 18:00:00,REC-143-00594,L,Seoul,11.76,33448.0,192.0,1,1.347,Premium
2025-04-25 19:00:00,REC-143-00595,M,Seoul,8.48,14698.0,356.0,1,0.32,Plus
2025-04-25 20:00:00,REC-143-00596,M,Seoul,9.61,13388.0,932.0,1,0.679,Plus
2025-04-25 21:00:00,REC-143-00597,M,Busan,9.69,43614.0,949.0,1,1.276,Plus
2025-04-25 22:00:00,REC-143-00598,H,Seoul,6.6,39398.0,450.0,3,2.638,Basic
2025-04-25 23:00:00,REC-143-00599,M,Daejeon,10.44,19462.0,241.0,0,0.304,Plus
2025-04-26 00:00:00,REC-143-00600,H,Seoul,14.5,49619.0,252.0,0,1.605,Basic
2025-04-26 01:00:00,REC-143-00601,M,Seoul,11.36,32147.0,234.0,3,-0.025,Premium
2025-04-26 02:00:00,REC-143-00602,L,Seoul,15.43,14910.0,728.0,0,-0.541,Premium
2025-04-26 03:00:00,REC-143-00603,M,Seoul,15.29,35136.0,514.0,1,-0.917,Plus
2025-04-26 04:00:00,REC-143-00604,M,Seoul,11.77,35281.0,406.0,1,-0.287,Plus
2025-04-26 05:00:00,REC-143-00605,H,Seoul,10.03,50875.0,186.0,0,2.024,Plus
2025-04-26 06:00:00,REC-143-00606,L,Seoul,9.83,21024.0,315.0,1,-1.397,Plus
2025-04-26 07:00:00,REC-143-00607,M,Busan,14.29,35330.0,576.0,3,-0.022,Premium
2025-04-26 08:00:00,REC-143-00608,H,Seoul,7.54,22982.0,255.0,2,-0.754,Plus
2025-04-26 09:00:00,REC-143-00609,H,Daejeon,12.76,38326.0,325.0,3,-0.155,Premium
2025-04-26 10:00:00,REC-143-00610,H,Seoul,9.62,55387.0,264.0,1,-0.483,Plus
2025-04-26 11:00:00,REC-143-00611,L,Daejeon,12.34,47955.0,956.0,0,0.111,Plus
2025-04-26 12:00:00,REC-143-00612,H,Daejeon,14.55,23815.0,347.0,4,0.815,Premium
2025-04-26 13:00:00,REC-143-00613,M,Seoul,10.6,41670.0,650.0,2,0.067,Plus
2025-04-26 14:00:00,REC-143-00614,M,Seoul,16.53,28324.0,230.0,3,0.194,Plus
2025-04-26 15:00:00,REC-143-00615,H,Busan,15.57,21742.0,374.0,1,0.873,Premium
2025-04-26 16:00:00,REC-143-00616,L,Seoul,24.6,38264.0,424.0,0,0.343,Premium
2025-04-26 17:00:00,REC-143-00617,M,Busan,13.56,13121.0,381.0,1,-0.753,Premium
2025-04-26 18:00:00,REC-143-00618,M,Busan,17.97,30693.0,557.0,1,0.828,Premium
2025-04-26 19:00:00,REC-143-00619,H,Daejeon,17.02,45722.0,1140.0,1,0.582,Premium
2025-04-26 20:00:00,REC-143-00620,L,Seoul,7.86,45242.0,607.0,0,1.461,Basic
2025-04-26 21:00:00,REC-143-00621,H,Busan,15.12,20722.0,426.0,2,-0.84,Plus
2025-04-26 22:00:00,REC-143-00622,L,Busan,14.33,25603.0,548.0,3,-0.745,Plus
2025-04-26 23:00:00,REC-143-00623,H,Busan,8.57,48886.0,474.0,0,-1.452,Plus
2025-04-27 00:00:00,REC-143-00624,L,Seoul,14.52,48181.0,930.0,0,-0.257,Premium
2025-04-27 01:00:00,REC-143-00625,L,Daejeon,7.06,35668.0,345.0,1,0.19,Plus
2025-04-27 02:00:00,REC-143-00626,M,Busan,8.72,29297.0,631.0,1,1.597,Premium
2025-04-27 03:00:00,REC-143-00627,L,Busan,14.46,18459.0,602.0,0,0.068,Premium
2025-04-27 04:00:00,REC-143-00628,L,Seoul,10.3,34254.0,502.0,3,-0.725,Plus
2025-04-27 05:00:00,REC-143-00629,L,Seoul,11.78,30710.0,251.0,2,0.885,Premium
2025-04-27 06:00:00,REC-143-00630,M,Seoul,8.47,15413.0,206.0,0,-0.328,Plus
2025-04-27 07:00:00,REC-143-00631,L,Busan,14.11,30004.0,283.0,2,1.33,Plus
2025-04-27 08:00:00,REC-143-00632,H,Seoul,12.68,20647.0,336.0,3,-1.427,Plus
2025-04-27 09:00:00,REC-143-00633,L,Seoul,11.63,19980.0,857.0,0,0.11,Plus
2025-04-27 10:00:00,REC-143-00634,L,Seoul,9.67,20562.0,427.0,0,0.075,Plus
2025-04-27 11:00:00,REC-143-00635,M,Seoul,9.89,23376.0,417.0,1,0.091,Plus
2025-04-27 12:00:00,REC-143-00636,H,Busan,12.6,19976.0,407.0,0,1.413,Basic
2025-04-27 13:00:00,REC-143-00637,M,Seoul,8.19,32045.0,124.0,1,0.255,Plus
2025-04-27 14:00:00,REC-143-00638,L,Seoul,11.66,40320.0,599.0,0,0.016,Plus
2025-04-27 15:00:00,REC-143-00639,M,Busan,7.57,17504.0,395.0,1,0.248,Premium
2025-04-27 16:00:00,REC-143-00640,L,Busan,10.05,41031.0,575.0,1,-0.181,Plus
2025-04-27 17:00:00,REC-143-00641,L,Seoul,12.29,22454.0,795.0,6,0.308,Premium
2025-04-27 18:00:00,REC-143-00642,L,Busan,15.28,24553.0,592.0,0,-0.537,Plus
2025-04-27 19:00:00,REC-143-00643,M,Busan,13.07,39880.0,625.0,0,0.401,Plus
2025-04-27 20:00:00,REC-143-00644,M,Seoul,9.34,41582.0,714.0,1,-0.364,Plus
2025-04-27 21:00:00,REC-143-00645,H,Busan,8.86,11771.0,400.0,3,0.901,Plus
2025-04-27 22:00:00,REC-143-00646,L,Seoul,14.08,23382.0,329.0,2,1.05,Plus
2025-04-27 23:00:00,REC-143-00647,L,Busan,5.62,14297.0,637.0,1,0.452,Basic
2025-04-28 00:00:00,REC-143-00648,M,Busan,12.49,23646.0,283.0,0,-0.579,Plus
2025-04-28 01:00:00,REC-143-00649,M,Daejeon,10.18,18519.0,208.0,4,0.499,Plus
2025-04-28 02:00:00,REC-143-00650,H,Busan,8.04,35563.0,254.0,0,-0.979,Plus
2025-04-28 03:00:00,REC-143-00651,L,Busan,13.14,31506.0,1223.0,3,-0.748,Plus
2025-04-28 04:00:00,REC-143-00652,M,Busan,9.69,36892.0,90.0,3,0.129,Plus
2025-04-28 05:00:00,REC-143-00653,M,Busan,12.73,28277.0,248.0,0,-0.888,Premium
2025-04-28 06:00:00,REC-143-00654,H,Seoul,10.99,32601.0,661.0,1,-0.015,Premium
2025-04-28 07:00:00,REC-143-00655,L,Daejeon,7.31,13799.0,922.0,0,1.128,Premium
2025-04-28 08:00:00,REC-143-00656,L,Busan,17.15,36396.0,1272.0,2,1.484,Premium
2025-04-28 09:00:00,REC-143-00657,M,Seoul,14.66,30297.0,438.0,4,0.782,Premium
2025-04-28 10:00:00,REC-143-00658,L,Seoul,3.86,21000.0,579.0,2,0.341,Plus
2025-04-28 11:00:00,REC-143-00659,H,Seoul,10.14,27616.0,331.0,1,-0.627,Plus
2025-04-28 12:00:00,REC-143-00660,M,Seoul,8.57,15148.0,626.0,3,1.563,Premium
2025-04-28 13:00:00,REC-143-00661,H,Busan,11.58,69509.0,585.0,2,1.434,Plus
2025-04-28 14:00:00,REC-143-00662,H,Seoul,10.68,43942.0,972.0,2,0.049,Plus
2025-04-28 15:00:00,REC-143-00663,M,Seoul,12.35,28525.0,533.0,1,0.448,Premium
2025-04-28 16:00:00,REC-143-00664,L,Seoul,11.78,26272.0,423.0,1,1.623,Basic
2025-04-28 17:00:00,REC-143-00665,M,Busan,11.51,67417.0,1329.0,1,-0.028,Plus
2025-04-28 18:00:00,REC-143-00666,L,Daejeon,8.34,30037.0,711.0,1,0.207,Premium
2025-04-28 19:00:00,REC-143-00667,H,Seoul,9.59,18383.0,351.0,0,0.808,Plus
2025-04-28 20:00:00,REC-143-00668,M,Seoul,12.8,20100.0,332.0,2,0.835,Premium
2025-04-28 21:00:00,REC-143-00669,L,Daejeon,15.7,19990.0,335.0,0,-0.675,Plus
2025-04-28 22:00:00,REC-143-00670,M,Seoul,16.37,26841.0,441.0,3,0.681,Premium
2025-04-28 23:00:00,REC-143-00671,L,Busan,13.1,18937.0,508.0,0,0.193,Basic
2025-04-29 00:00:00,REC-143-00672,M,Seoul,10.61,36074.0,515.0,0,1.425,Plus
2025-04-29 01:00:00,REC-143-00673,H,Busan,10.34,31514.0,384.0,3,-0.226,Plus
2025-04-29 02:00:00,REC-143-00674,M,Daejeon,6.11,19174.0,213.0,2,0.804,Basic
2025-04-29 03:00:00,REC-143-00675,L,Busan,10.55,15039.0,1363.0,2,1.001,Premium
2025-04-29 04:00:00,REC-143-00676,L,Daejeon,10.49,12028.0,162.0,2,-0.005,Plus
2025-04-29 05:00:00,REC-143-00677,H,Daejeon,12.36,16584.0,701.0,0,2.423,Premium
2025-04-29 06:00:00,REC-143-00678,M,Seoul,16.69,62188.0,670.0,3,0.928,Plus
2025-04-29 07:00:00,REC-143-00679,L,Seoul,9.54,21901.0,1059.0,3,0.177,Basic
2025-04-29 08:00:00,REC-143-00680,H,Busan,10.94,13995.0,1057.0,1,1.529,Premium
2025-04-29 09:00:00,REC-143-00681,L,Seoul,10.46,32972.0,951.0,1,0.684,Plus
2025-04-29 10:00:00,REC-143-00682,L,Seoul,17.75,44041.0,391.0,2,0.727,Premium
2025-04-29 11:00:00,REC-143-00683,L,Busan,15.22,21625.0,316.0,1,1.063,Premium
2025-04-29 12:00:00,REC-143-00684,M,Seoul,3.74,17529.0,577.0,0,-0.268,Plus
2025-04-29 13:00:00,REC-143-00685,M,Daejeon,12.12,20878.0,391.0,1,-0.086,Plus
2025-04-29 14:00:00,REC-143-00686,L,Seoul,19.09,25803.0,588.0,1,-0.403,Plus
2025-04-29 15:00:00,REC-143-00687,L,Seoul,14.11,31768.0,455.0,1,0.402,Premium
2025-04-29 16:00:00,REC-143-00688,M,Seoul,9.34,49029.0,207.0,0,-0.391,Plus
2025-04-29 17:00:00,REC-143-00689,M,Daejeon,12.34,30176.0,737.0,1,2.273,Basic
2025-04-29 18:00:00,REC-143-00690,L,Busan,13.06,34583.0,683.0,3,1.32,Premium
2025-04-29 19:00:00,REC-143-00691,L,Seoul,9.27,27193.0,689.0,1,1.257,Premium
2025-04-29 20:00:00,REC-143-00692,M,Daejeon,12.66,33055.0,828.0,3,-1.238,Premium
2025-04-29 21:00:00,REC-143-00693,M,Busan,13.32,26831.0,1846.0,4,-0.705,Premium
2025-04-29 22:00:00,REC-143-00694,L,Seoul,12.96,25759.0,800.0,1,-0.252,Plus
2025-04-29 23:00:00,REC-143-00695,H,Daejeon,10.64,22727.0,329.0,3,0.559,Premium
2025-04-30 00:00:00,REC-143-00696,M,Seoul,10.98,37993.0,660.0,0,0.306,Plus
2025-04-30 01:00:00,REC-143-00697,H,Seoul,14.86,31946.0,529.0,2,2.623,Premium
2025-04-30 02:00:00,REC-143-00698,H,Busan,10.79,24139.0,301.0,3,-0.906,Plus
2025-04-30 03:00:00,REC-143-00699,L,Busan,9.77,40025.0,495.0,1,0.368,Basic
